bought_timestamp,uid,pid,p_count
11/23/2018 00:00:00,00234f1417b5b1dc65feb088cf612762,DIAD4VTRTSM2F4YR,146
11/23/2018 00:00:05,00234f1417b5b1dc65feb088cf612762qaq,INKDYVCR6P5Y9JDF,116
11/23/2018 00:00:10,0024c8c4636f633a96e6b032acc179c5,RTRDFFYGTZUBKJTS,145
11/23/2018 00:00:15,0024c8c4636f633a96e6b032acc179c5qaq,RTRD6FYYWFHEYJYE,120
11/23/2018 00:00:20,002810df1681c552e4fc641cd1486e7f,RTRD38494HWZVMAK,112
11/23/2018 00:00:25,002810df1681c552e4fc641cd1486e7fqaq,RTRDFFYGJ4GNRSHQ,143
11/23/2018 00:00:30,002cae16ffce99194b37233ae182f62f,RTRDFFYGKJAXPUUG,115
11/23/2018 00:00:35,002cae16ffce99194b37233ae182f62fqaq,RTRDFFYGM2TEWVCC,148
11/23/2018 00:00:40,00371f6f8a517e4bcb6f8982ff46c758,RTRD7HN3JJYF6WN2,149
11/23/2018 00:00:45,00371f6f8a517e4bcb6f8982ff46c758qaq,ABQEJ7YQTNQGMXZV,119
11/23/2018 00:00:50,003aebcdcfd3d30bfaec28207d8814bb,AFGEFM64DHDFU7A4,149
11/23/2018 00:00:55,003aebcdcfd3d30bfaec28207d8814bbqaq,AFGEFM63KZJ577GG,143
11/23/2018 00:01:00,003fccc2bd5cfb835f14192710eb4990,AFGEGF4DTH3GCFYD,144
11/23/2018 00:01:05,003fccc2bd5cfb835f14192710eb4990qaq,AFGEFJSDPDENNGTZ,112
11/23/2018 00:01:10,00610b5557d458369d1f9a31cf81850f,AFGEFM63YQH4WHRH,119
11/23/2018 00:01:15,00610b5557d458369d1f9a31cf81850fqaq,AFGEFM64Z5PHJHYR,118
11/23/2018 00:01:20,0072836d8c9195a016594f048b1f2350,AFGEFM64DHQYDJPT,119
11/23/2018 00:01:25,0072836d8c9195a016594f048b1f2350qaq,AFGEFJSH59XSEMVH,139
11/23/2018 00:01:30,00863fe42684b2bfd7c46d9cae5ad538,AFGEFJSNF4QCGMXZ,114
11/23/2018 00:01:35,00863fe42684b2bfd7c46d9cae5ad538qaq,AFGEFJSDHHYRHQ25,114
11/23/2018 00:01:40,00a6a13741e3f6c50db714cf669067b2,AFGEFM64GSRSURBU,131
11/23/2018 00:01:45,00a6a13741e3f6c50db714cf669067b2qaq,AFGEFJSGM4ZDHS3W,110
11/23/2018 00:01:50,00accc9c92ddeab835f5f1c7d46cbe4b,AFGEFM633J32DSZG,142
11/23/2018 00:01:55,00accc9c92ddeab835f5f1c7d46cbe4bqaq,AFGEFJSDRYS9ETH2,111
11/23/2018 00:02:00,00ad8291c9670b4cb232be8dcfb7b0b1,ACBECFGTEC5DXHPJ,111
11/23/2018 00:02:05,00ad8291c9670b4cb232be8dcfb7b0b1qaq,ACBECFGTZNHSQHXF,118
11/23/2018 00:02:10,00b0c9faa1618cd7751f65f017f93ce8,ACBECFGTQUJ7XHXJ,137
11/23/2018 00:02:15,00b0c9faa1618cd7751f65f017f93ce8qaq,ACBECSFFCM9GJXHK,135
11/23/2018 00:02:20,00b19f664f4de4ff19217cfe21a7b76b,ACBEHDUASPTC7JBZ,138
11/23/2018 00:02:25,00b19f664f4de4ff19217cfe21a7b76bqaq,ACBECFGT74DBRJRT,132
11/23/2018 00:02:30,00bea697b7eb5981240b7f6082547714,ACBECFGTRZCFBJZJ,140
11/23/2018 00:02:35,00bea697b7eb5981240b7f6082547714qaq,ACBECFGTHYEUNK4C,135
11/23/2018 00:02:40,00db9f6ada661f4d7d813a4754d3866f,ACBECFGTGFXBKKYH,114
11/23/2018 00:02:45,00db9f6ada661f4d7d813a4754d3866fqaq,ACBEGYJFC4VBAHCU,116
11/23/2018 00:02:50,00e966a5049a262cfc72e6bbf68b80e7,ACBECT5UXYVB6EHX,148
11/23/2018 00:02:55,00e966a5049a262cfc72e6bbf68b80e7qaq,ACBECT5UP4YDFNXH,118
11/23/2018 00:03:00,00efca9fabf311571b11a0c3f468788e,ACBECFGT6YXGSNU4,118
11/23/2018 00:03:05,00efca9fabf311571b11a0c3f468788eqaq,ACBEHDUB7GGNTQSN,139
11/23/2018 00:03:10,01082b9888708b4894313e924fdd7f63,ACBEAGHHRM5FWHXB,110
11/23/2018 00:03:15,01082b9888708b4894313e924fdd7f63qaq,ACBEAGHHHWJAHA9C,134
11/23/2018 00:03:20,0116af3c6b3a4d4ef4123535e9d98cdf,ACBEAGHHSUKWYKFX,132
11/23/2018 00:03:25,0116af3c6b3a4d4ef4123535e9d98cdfqaq,ACBECFGTH6NHZXYZ,114
11/23/2018 00:03:30,01387686b6750b24f043698836dbc108,ACBEHDU9PG5BSYYM,138
11/23/2018 00:03:35,01387686b6750b24f043698836dbc108qaq,ACBEB3489M4NQZBD,116
11/23/2018 00:03:40,01393b746c678c365829bc8c749c3f50,ACBEA4496CMCQZCU,111
11/23/2018 00:03:45,01393b746c678c365829bc8c749c3f50qaq,ACBEA4498TDPW6JP,115
11/23/2018 00:03:50,0139cef782bf88d08199111ce719ea56,ALCEJNYHRXSGBZGC,114
11/23/2018 00:03:55,0139cef782bf88d08199111ce719ea56qaq,APREGUT8FZF9ZJDF,115
11/23/2018 00:04:00,013b9f28b0d47508b233bd8dc0b410ac,AQFEBFC6H27WZW58,145
11/23/2018 00:04:05,013b9f28b0d47508b233bd8dc0b410acqaq,ACKEGXUFEDHRGGAC,119
11/23/2018 00:04:10,014455d04b97d6c3b3061fe8308ff8d5,ARTEGVFDAZVRGHDD,118
11/23/2018 00:04:15,014455d04b97d6c3b3061fe8308ff8d5qaq,ARPEG54NHHJDT9FZ,119
11/23/2018 00:04:20,01445f5d6231aaccbf1e0f8ddc6dc201,ARPEEMCAMGADRCGQ,117
11/23/2018 00:04:25,01445f5d6231aaccbf1e0f8ddc6dc201qaq,ARPEGDHSXZJSHGSN,117
11/23/2018 00:04:30,0150bbd3fe67f78194e06fc9e29a28f2,ARPEFZT4FGYZZHAZ,144
11/23/2018 00:04:35,0150bbd3fe67f78194e06fc9e29a28f2qaq,ARPEETMFEHACKNA9,119
11/23/2018 00:04:40,0153f84774c58a63f899bd929121cba5,AVCEGCZ4WYMJJCTE,118
11/23/2018 00:04:45,0153f84774c58a63f899bd929121cba5qaq,AVCEFURSJBG924HG,132
11/23/2018 00:04:50,016c33c71dc9dacd933fc69ae7f2b58c,AVCEJCHZ2GVMBVP2,131
11/23/2018 00:04:55,016c33c71dc9dacd933fc69ae7f2b58cqaq,AVCEGCGPJTZ3GGWB,112
11/23/2018 00:05:00,017b4baf09ba01799cb01ecc96356f26,AVCEGBRYHDSGSHGX,144
11/23/2018 00:05:05,017b4baf09ba01799cb01ecc96356f26qaq,AVCEGCNWNBG9QNDC,139
11/23/2018 00:05:10,0185c4109cc82ff68979cd4112fc2b90,AVCEGCNNFZN5HVGB,119
11/23/2018 00:05:15,0185c4109cc82ff68979cd4112fc2b90qaq,AVCEGCNNRVZUXF4H,115
11/23/2018 00:05:20,0187ffce9a6bad241b03259a229bea8c,AVCEGCNVZJHWXBMT,150
11/23/2018 00:05:25,0187ffce9a6bad241b03259a229bea8cqaq,AVCEGBFBGFRWJSPS,115
11/23/2018 00:05:30,018ffca40d07462d7f5862f91ea8f4d5,AVCEJ3CZHKUG7WKR,135
11/23/2018 00:05:35,018ffca40d07462d7f5862f91ea8f4d5qaq,AVCEASGPSFXKFXB8,117
11/23/2018 00:05:40,0195f2d70434ef60f3fe47af559980bb,AVCEJ3CZ7GPK4XSJ,120
11/23/2018 00:05:45,0195f2d70434ef60f3fe47af559980bbqaq,AVCEGCGPHGNPDZNW,137
11/23/2018 00:05:50,01b6bf2eec234b6abd72cb911a987718,BBCDPFZM6V585ZZE,145
11/23/2018 00:05:55,01b6bf2eec234b6abd72cb911a987718qaq,BBOEGGV3NYMKAFMA,119
11/23/2018 00:06:00,01ba46b34027c75c26784296e376dc18,BBOEGP4HM4C5WXVC,150
11/23/2018 00:06:05,01ba46b34027c75c26784296e376dc18qaq,BKPEGXYYEH5XD32T,111
11/23/2018 00:06:10,01c393428149bda69b071a8798e951bd,BKPEDPG57FTEM3WF,115
11/23/2018 00:06:15,01c393428149bda69b071a8798e951bdqaq,BKPE687F7GK6AYU2,111
11/23/2018 00:06:20,01cb87cb636630fe0b05edcf4bfd0c06,BKPE6BUDHA3YA5YG,116
11/23/2018 00:06:25,01cb87cb636630fe0b05edcf4bfd0c06qaq,BKPE536FHSNYE85F,143
11/23/2018 00:06:30,01daf0822681dbb9279abe91f678560b,BKPEDRCDMRGQH8Q7,112
11/23/2018 00:06:35,01daf0822681dbb9279abe91f678560bqaq,BKPEYQHB6J2PN9R4,116
11/23/2018 00:06:40,01f39898452a9714242548c2afbe8abe,BKPEGZCDHQUXWAAM,119
11/23/2018 00:06:45,01f39898452a9714242548c2afbe8abeqaq,BKPE65ZGHGBZQBCY,135
11/23/2018 00:06:50,01f4111347938899e1bfb7d6327425ae,BKPEGUJHQSJUZBVF,131
11/23/2018 00:06:55,01f4111347938899e1bfb7d6327425aeqaq,BKPEAYZJHKRQRCJZ,117
11/23/2018 00:07:00,01f8a3ef214aebe4cbba18e3bdbbf582,BKPE9R5CWH6CNCWM,118
11/23/2018 00:07:05,01f8a3ef214aebe4cbba18e3bdbbf582qaq,BKPECGTFCH3FXZSF,115
11/23/2018 00:07:10,020d2daba55a723128e4e07c0b0393a9,BKPEHTGBH5GGWENP,111
11/23/2018 00:07:15,020d2daba55a723128e4e07c0b0393a9qaq,BKPEYN9AGHRCKEQY,145
11/23/2018 00:07:20,022205ebfccb84f524e9700ac71d56f1,BKPEDM7H2MZG2EWH,120
11/23/2018 00:07:25,022205ebfccb84f524e9700ac71d56f1qaq,BKPEBFQ5HR9KAF8F,134
11/23/2018 00:07:30,022a7f08d051e2cfca917ef0a6d3a19a,BKPEBJGUXZXPDF9F,117
11/23/2018 00:07:35,022a7f08d051e2cfca917ef0a6d3a19aqaq,BKPEGUJHJFYS4FCU,146
11/23/2018 00:07:40,022ca833dd0324b1eb511377e1d2ff5a,BKPEGE8YCJTWDFTC,119
11/23/2018 00:07:45,022ca833dd0324b1eb511377e1d2ff5aqaq,BKPEGXU9NZQRQGF2,110
11/23/2018 00:07:50,022fa57e589cd094b16630dd42aeb09c,BKPEGXYVWNVFFGHZ,112
11/23/2018 00:07:55,022fa57e589cd094b16630dd42aeb09cqaq,BKPEGZCDVDZUMGHZ,111
11/23/2018 00:08:00,0235e4d5cae03381ba56c189f8ab5cc9,BKPE25GC2ZFVGGNU,140
11/23/2018 00:08:05,0235e4d5cae03381ba56c189f8ab5cc9qaq,BKPEGAHY2PQZHGYZ,146
11/23/2018 00:08:10,0238e413797834379b29e8ac0ea97faf,BKPEY9TNHRGN9HRM,111
11/23/2018 00:08:15,0238e413797834379b29e8ac0ea97fafqaq,BKPECS6HJVHHBKBC,110
11/23/2018 00:08:20,025a85a3d1cddc6307f7dc075d8d2132,BKPE6S4FDENUYNAS,116
11/23/2018 00:08:25,025a85a3d1cddc6307f7dc075d8d2132qaq,BKPE6RDGZMNKCNFG,110
11/23/2018 00:08:30,025ac61a0775d0d4140ad1edb72e5325,BKPEGZCFYTJXMRGY,141
11/23/2018 00:08:35,025ac61a0775d0d4140ad1edb72e5325qaq,BKPE6NP9CNQSFSFQ,141
11/23/2018 00:08:40,025c55296e7b63788739d5ed370723d7,BKPEGE7ZWDJ5JSGG,120
11/23/2018 00:08:45,025c55296e7b63788739d5ed370723d7qaq,BKPEFCTNBZPZ6SNZ,116
11/23/2018 00:08:50,02636601c7d03fe0c51694fd823b47b1,BKPEDPG5QM8RGT9Y,118
11/23/2018 00:08:55,02636601c7d03fe0c51694fd823b47b1qaq,BKPEGZCCZ7FCKTSZ,150
11/23/2018 00:09:00,0272837c1bb246530567acb1e4f936f3,BKPEGXYVX4CG7UWX,116
11/23/2018 00:09:05,0272837c1bb246530567acb1e4f936f3qaq,BKPE63NZD2SKTWZP,113
11/23/2018 00:09:10,0277370c3f8d5f617fe55d9a0eaf42f9,BKPEHDNGPAUZZXHZ,147
11/23/2018 00:09:15,0277370c3f8d5f617fe55d9a0eaf42f9qaq,BKPE8M5FMCGSTYJZ,119
11/23/2018 00:09:20,02863898376b6f659f56f7ad4de318db,BKPECSXKNFNASYRN,117
11/23/2018 00:09:25,02863898376b6f659f56f7ad4de318dbqaq,BKPE3Z2HBCVZZZGR,110
11/23/2018 00:09:30,02983550888e01c2e8d168b7affd224e,BKPEGXYWWJPETZZA,113
11/23/2018 00:09:35,02983550888e01c2e8d168b7affd224eqaq,BDEEGH3ZVFVHFBHC,110
11/23/2018 00:09:40,02a02c1d70e3db6672600ede02c16d9e,BDEEHQXBEBPVDFXX,120
11/23/2018 00:09:45,02a02c1d70e3db6672600ede02c16d9eqaq,BDEEHQXBKNGTAKRU,138
11/23/2018 00:09:50,02a53d335775b652f22f41b529b9d646,BAGEHQ64CJMVM5WY,142
11/23/2018 00:09:55,02a53d335775b652f22f41b529b9d646qaq,BAGEEDYFGZHGQAVS,118
11/23/2018 00:10:00,02c80958951cf29bc76a4761cd227214,BAGEEDYFFMKZAF3H,147
11/23/2018 00:10:05,02c80958951cf29bc76a4761cd227214qaq,BAGDY6DXXV7FZHQY,142
11/23/2018 00:10:10,02cf9be035d844218e642e9a03bd2e63,BAGDY6DXVHYBVQPN,112
11/23/2018 00:10:15,02cf9be035d844218e642e9a03bd2e63qaq,BAGEH2A4GHTVQYX5,113
11/23/2018 00:10:20,0305111c779fe663bd94122bef0f0002,BALEGFWGYHBSY4UE,118
11/23/2018 00:10:25,0305111c779fe663bd94122bef0f0002qaq,BALDGQB9GG7DC57H,120
11/23/2018 00:10:30,031906a2ae750996deee2fd3bd070f16,BALDHX8K5AFFMCGY,111
11/23/2018 00:10:35,031906a2ae750996deee2fd3bd070f16qaq,BALDMEYGWWRZ4DAC,110
11/23/2018 00:10:40,0322511b96351baa82bf73a20dcb0351,BALEGFWE2Z7GTDMS,110
11/23/2018 00:10:45,0322511b96351baa82bf73a20dcb0351qaq,BALDCJFFGZHQNDT6,110
11/23/2018 00:10:50,033162eac9aad0ac80c4c5c63422c751,BALEYMGAPMFCMDYB,118
11/23/2018 00:10:55,033162eac9aad0ac80c4c5c63422c751qaq,BALDD3CZ38D4XFKH,115
11/23/2018 00:11:00,035e9038cd6106f8e177b3e9847ec89e,BALEYMGAFVHEXBWW,110
11/23/2018 00:11:05,035e9038cd6106f8e177b3e9847ec89eqaq,BALDMEYGGYHCZFQK,116
11/23/2018 00:11:10,037cbb84986b927d95be74154cfaf34d,BALEDD5MCGM2RGDN,130
11/23/2018 00:11:15,037cbb84986b927d95be74154cfaf34dqaq,BALE8ZABFPZGSGFX,111
11/23/2018 00:11:20,03826b002353890c251d13b3dbdf192c,BALE5TXXG7AQ2GZH,116
11/23/2018 00:11:25,03826b002353890c251d13b3dbdf192cqaq,BALEDVR8HYUAFHEP,111
11/23/2018 00:11:30,0386aecdc20ed81b39f657849c32e686,BALEJA4CVTGREHEU,119
11/23/2018 00:11:35,0386aecdc20ed81b39f657849c32e686qaq,BALEYMGAFZF2RHGK,120
11/23/2018 00:11:40,03976cd3512617a73533965d23a944f7,BALDK98MRHJZPHGZ,131
11/23/2018 00:11:45,03976cd3512617a73533965d23a944f7qaq,BALED8XDHWWPVHHD,144
11/23/2018 00:11:50,03ad632c859eef12b5bfc4add4195028,BALEBHHMFSHXSJ8U,119
11/23/2018 00:11:55,03ad632c859eef12b5bfc4add4195028qaq,BALECMGYGJAYBJH7,117
11/23/2018 00:12:00,03b18a60016ffb8d5ff1e9d6956a5588,BALDD3H7BUZDSQ77,114
11/23/2018 00:12:05,03b18a60016ffb8d5ff1e9d6956a5588qaq,BALE3RD4AR3DJKCN,150
11/23/2018 00:12:10,03d866866fffc6dd70fc8a9bf6f8b67b,BALE8HWAS26ZHNTC,143
11/23/2018 00:12:15,03d866866fffc6dd70fc8a9bf6f8b67bqaq,BALDCJFFBJKZZNU8,140
11/23/2018 00:12:20,03dab312c10b5c3fd1bbf410c42cbae7,BALEYMGAEZYXDPCH,110
11/23/2018 00:12:25,03dab312c10b5c3fd1bbf410c42cbae7qaq,BALE3RD4NGZ25PZZ,114
11/23/2018 00:12:30,03df9c0f701fc6dd02762153972c3505,BALEEZ2A4SWPXJU4,120
11/23/2018 00:12:35,03df9c0f701fc6dd02762153972c3505qaq,BALEEZ2BZZ3ZT99G,146
11/23/2018 00:12:40,03e236d543c63a869ae044a664b0eaf1,BALDXVA6HJASHTDW,120
11/23/2018 00:12:45,03e236d543c63a869ae044a664b0eaf1qaq,BALDFF7HX853MTHJ,139
11/23/2018 00:12:50,03e3f6fe3618fbdec1f496863b33c3db,BALDYRGRTGAQHVGF,114
11/23/2018 00:12:55,03e3f6fe3618fbdec1f496863b33c3dbqaq,BALEJA4CYQQTMYFZ,113
11/23/2018 00:13:00,03e502206c4c3724f46aaf9dddc8fc76,BALDFF7HKWGGRYHE,115
11/23/2018 00:13:05,03e502206c4c3724f46aaf9dddc8fc76qaq,BALDCJFFVZ96FYNX,145
11/23/2018 00:13:10,03e73f773de691d3cf9d1465a3ce71f5,BALDFCFWC4HGQYZH,130
11/23/2018 00:13:15,03e73f773de691d3cf9d1465a3ce71f5qaq,BALEYMGAD5F63Z6P,110
11/23/2018 00:13:20,03f051b5576de0859ec4345dbecaa087,BALDK98MYRRTHZHJ,119
11/23/2018 00:13:25,03f051b5576de0859ec4345dbecaa087qaq,BDAEGVFSHNTGUZFQ,114
11/23/2018 00:13:30,03f4fd265210245d914f340c7387a5a2,BBAE73VFNENV92GG,118
11/23/2018 00:13:35,03f4fd265210245d914f340c7387a5a2qaq,BBAEE9AQSZAYS2NW,119
11/23/2018 00:13:40,040809a7f919a9cf1244801869f3d64e,BBADSEZDJ6GUW2PX,131
11/23/2018 00:13:45,040809a7f919a9cf1244801869f3d64eqaq,BBAE5TRYJPMH335G,117
11/23/2018 00:13:50,040e0c66d7edd448363413b83ea87b3e,BBADSEZDTVABF35T,119
11/23/2018 00:13:55,040e0c66d7edd448363413b83ea87b3eqaq,BBAECX4DYFGUD3BA,139
11/23/2018 00:14:00,041132f067c57c34518e17ad0e74f97e,BBAEEYGPRKWRC9HP,116
11/23/2018 00:14:05,041132f067c57c34518e17ad0e74f97eqaq,BBAEAEZDYZUX63UR,134
11/23/2018 00:14:10,0411ec9c9ad55ae12e7684671a8445bf,BBAEFQ66SFMTC3ZN,150
11/23/2018 00:14:15,0411ec9c9ad55ae12e7684671a8445bfqaq,BBAEASSYZ53MG3ZZ,139
11/23/2018 00:14:20,041b2559560a910c38a9b438cfc9af98,BBAEBMNFGRF6U49M,119
11/23/2018 00:14:25,041b2559560a910c38a9b438cfc9af98qaq,BBAECVGX7ZKEM3UC,139
11/23/2018 00:14:30,044e050018ec3a254b99fdd9f84e69b3,BBAECH62WNHFZ4GU,143
11/23/2018 00:14:35,044e050018ec3a254b99fdd9f84e69b3qaq,BBAE3QDNUGVN8QYG,119
11/23/2018 00:14:40,044f72acb09a7b9a34ce3a73b3a99d1b,BBAEBZ79HRWFH4QG,115
11/23/2018 00:14:45,044f72acb09a7b9a34ce3a73b3a99d1bqaq,BBAECA5T85T3F4YG,150
11/23/2018 00:14:50,04551f9f9f8d6da66c706a7c630a0701,BBAEBZKUYSPW4XBE,115
11/23/2018 00:14:55,04551f9f9f8d6da66c706a7c630a0701qaq,BBADXFQG5SQPQ52G,149
11/23/2018 00:15:00,04625e1934d003aecf3bb780371c024f,BBAE6JCG4YCBTGDG,117
11/23/2018 00:15:05,04625e1934d003aecf3bb780371c024fqaq,BBAECGVHADQTGZEY,119
11/23/2018 00:15:10,046a0635622f3f59801ee24e2b7e957f,BBAEJMG2UHZWSGGT,114
11/23/2018 00:15:15,046a0635622f3f59801ee24e2b7e957fqaq,BBAEA4DNRGDBSYBA,120
11/23/2018 00:15:20,046a0d08ee6ab7ec31c481ef7d9c584c,BBAEBVCUYV9WDBNM,131
11/23/2018 00:15:25,046a0d08ee6ab7ec31c481ef7d9c584cqaq,BBADZUEQ65WVS6FG,134
11/23/2018 00:15:30,047b28e655055eac0d99385643e0d129,BBAE6FZQZQWHU6SH,136
11/23/2018 00:15:35,047b28e655055eac0d99385643e0d129qaq,BBADSEZDMXD7G6TZ,117
11/23/2018 00:15:40,048abb5c514416c44f4feb2b2fa654a5,BBAE4ZYKWR7GQ6WX,147
11/23/2018 00:15:45,048abb5c514416c44f4feb2b2fa654a5qaq,BBAE7F9BTGBDGXZQ,118
11/23/2018 00:15:50,04a00893073b5cc601c794eea4b39c9d,BBAE2FG8G6M8QQFY,116
11/23/2018 00:15:55,04a00893073b5cc601c794eea4b39c9dqaq,BBAE9TFD2SFE278G,110
11/23/2018 00:16:00,04b2c825e235cfaea2bfdd778504464a,BBAEEFKPGQYWSXNB,119
11/23/2018 00:16:05,04b2c825e235cfaea2bfdd778504464aqaq,BBAE8HKQVYY2ZVWK,131
11/23/2018 00:16:10,04d2b4669ad29f9d7fa0c8f068050ce9,BBAEAM8SKKYJV7T2,146
11/23/2018 00:16:15,04d2b4669ad29f9d7fa0c8f068050ce9qaq,BBADSEZDY866N8E3,114
11/23/2018 00:16:20,04e67c4c55864748e000e7fb549a209e,BBAEAYAE4BDSX938,112
11/23/2018 00:16:25,04e67c4c55864748e000e7fb549a209eqaq,BBAE7F9BTKFHMUEY,146
11/23/2018 00:16:30,04ef768d42d74ffa868fa416bd228073,BBAE82VSFN92EYGZ,120
11/23/2018 00:16:35,04ef768d42d74ffa868fa416bd228073qaq,BBADSEZDVD7EJ9Z5,114
11/23/2018 00:16:40,050ea3acb555bf641e7ae9b4f3ba684a,BBAE4BR6EHHHGPYM,141
11/23/2018 00:16:45,050ea3acb555bf641e7ae9b4f3ba684aqaq,BBAE869BSSPZ2VGZ,115
11/23/2018 00:16:50,051850199f06f76e03815cf7361e87ee,BBAEB73MGG3C43ZV,117
11/23/2018 00:16:55,051850199f06f76e03815cf7361e87eeqaq,BBAEB73MPXNZE4EW,130
11/23/2018 00:17:00,051d7fe5fbeafedf282c37c41dac60dd,BBAEB73MYGVQC7KG,115
11/23/2018 00:17:05,051d7fe5fbeafedf282c37c41dac60ddqaq,BBAE4FG9AGXSPNS9,134
11/23/2018 00:17:10,05509241bc28bf59945c840c695d8e58,BBAE3ZZVURG8ZQGU,149
11/23/2018 00:17:15,05509241bc28bf59945c840c695d8e58qaq,BBAE9WX4FWQGPHHT,118
11/23/2018 00:17:20,055424695f5fa745b27b122785a62159,BBAE9WX5YTJKWWUT,114
11/23/2018 00:17:25,055424695f5fa745b27b122785a62159qaq,BBAEEDQYMPEKRAH4,112
11/23/2018 00:17:30,055fd4fe35affd3a9e50b79d78cd7131,BBAE9WX5WKFR3AH9,120
11/23/2018 00:17:35,055fd4fe35affd3a9e50b79d78cd7131qaq,BBAEEFYG3Z2FMAHF,110
11/23/2018 00:17:40,05660185f1b41b1a016011098a5edd16,BBAECZMBTFADPAHM,118
11/23/2018 00:17:45,05660185f1b41b1a016011098a5edd16qaq,BBAE8FRGGWMFXAKN,115
11/23/2018 00:17:50,0566de16d613dd768ea95bc280f6573a,BBAEAZHMRZ4H5AVH,110
11/23/2018 00:17:55,0566de16d613dd768ea95bc280f6573aqaq,BBAEGJFQSXZSNB67,115
11/23/2018 00:18:00,0570f73907b21fdeeeb99abeb708f947,BBAEE4CBQ2XXHBBK,117
11/23/2018 00:18:05,0570f73907b21fdeeeb99abeb708f947qaq,BBAEAZQAXBZNGBCH,140
11/23/2018 00:18:10,05731631b1b3d44f8cfbaaa84dcc0b93,BBAE6GFQXREGGBCU,115
11/23/2018 00:18:15,05731631b1b3d44f8cfbaaa84dcc0b93qaq,BBAE3JG3HZMARBFP,134
11/23/2018 00:18:20,0596c45a8bbd27868e96fd266dac8870,BBAEE933J2HCZBGJ,131
11/23/2018 00:18:25,0596c45a8bbd27868e96fd266dac8870qaq,BBAEDVQEXHMCDBGS,117
11/23/2018 00:18:30,05a5404fc8a6f59a22d2141f7e07ca28,BBAE66EF57BJYBJ4,136
11/23/2018 00:18:35,05a5404fc8a6f59a22d2141f7e07ca28qaq,BBAE4BR6DH4DYCFZ,119
11/23/2018 00:18:40,05b1dd9677f7815e6f38b89af06e121c,BBADSEZDTFDW6BPD,120
11/23/2018 00:18:45,05b1dd9677f7815e6f38b89af06e121cqaq,BBAEB3ZC6CGGWMAF,117
11/23/2018 00:18:50,05c657deb0a2be0d21034cfb026f06b7,BBAEAHNGVHWRRKCX,111
11/23/2018 00:18:55,05c657deb0a2be0d21034cfb026f06b7qaq,BBAEC89QHQZKMBVD,116
11/23/2018 00:19:00,05cdc7bf6cba8c6b333b92cd1273d758,BBAEE897P2A9PBX6,147
11/23/2018 00:19:05,05cdc7bf6cba8c6b333b92cd1273d758qaq,BBAE8BXADJRG9KNP,116
11/23/2018 00:19:10,05d5c1dd87e235215f53f92b7933b895,BBAEC9UFNUQHKBXQ,119
11/23/2018 00:19:15,05d5c1dd87e235215f53f92b7933b895qaq,BBAEE897XSCRYBYA,120
11/23/2018 00:19:20,0611102bf46663abb28a560a7896f553,BBAEEHAFWJY9GBYC,144
11/23/2018 00:19:25,0611102bf46663abb28a560a7896f553qaq,BBAEYB4VPP2FBC8P,120
11/23/2018 00:19:30,0612dc0f2d74a71d7bb067c513874e48,BBAECPQAHY5U8C9D,132
11/23/2018 00:19:35,0612dc0f2d74a71d7bb067c513874e48qaq,BBAEDPZZUY4JCCCG,111
11/23/2018 00:19:40,0626449effadcf375e3a70db2a1e75bd,BBAE6F7ZENM3GCFJ,145
11/23/2018 00:19:45,0626449effadcf375e3a70db2a1e75bdqaq,BBAEYTTMX8GZUCGG,141
11/23/2018 00:19:50,06264fcdb7b0f22e470297fd064eaedd,BBAEAJTMZZRPYCJV,144
11/23/2018 00:19:55,06264fcdb7b0f22e470297fd064eaeddqaq,BBAEEDQYHXQP7CMW,111
11/23/2018 00:20:00,062f46864785beee52cf1539c16fad4b,BBADVRPJUVEV7CPY,116
11/23/2018 00:20:05,062f46864785beee52cf1539c16fad4bqaq,BBAE9WX5JBQVYUMR,147
11/23/2018 00:20:10,0630a7854c205c8e06b3b7aa9f8b6abc,BBAEFYZ9HC3R7CSS,142
11/23/2018 00:20:15,0630a7854c205c8e06b3b7aa9f8b6abcqaq,BBAEB73MMMQHYYHF,137
11/23/2018 00:20:20,063f23232e4f17761063f06d1f5f8fcc,BBAEB73MVHDCZAV5,112
11/23/2018 00:20:25,063f23232e4f17761063f06d1f5f8fccqaq,BBAE66EFFAHZTD9T,114
11/23/2018 00:20:30,064a2d144f3e99e4be60f00528bd0b45,BBAEECVVYFX66DEZ,134
11/23/2018 00:20:35,064a2d144f3e99e4be60f00528bd0b45qaq,BBAE76S5AWYTGPB2,142
11/23/2018 00:20:40,06596c6961fed45ac1a47f0bf750815e,BBAEEFYGHMGZFDUP,131
11/23/2018 00:20:45,06596c6961fed45ac1a47f0bf750815eqaq,BBAECBJ7G3YVDDZR,113
11/23/2018 00:20:50,0661617df4bdd754b7f2714c927fb6bd,BBAE7Z93PGGAD2ZH,139
11/23/2018 00:20:55,0661617df4bdd754b7f2714c927fb6bdqaq,BBAEEYH6QUXJRGGR,110
11/23/2018 00:21:00,06739385e1bfa9f3ec23e154b5ebe98f,BBAEJA5DZKZHSVFE,141
11/23/2018 00:21:05,06739385e1bfa9f3ec23e154b5ebe98fqaq,BBAE5TXZYPGHGEDX,119
11/23/2018 00:21:10,067744934db047c520162dda3329ef4e,BBAEE2NFKJWYBZ4W,146
11/23/2018 00:21:15,067744934db047c520162dda3329ef4eqaq,BBAE2U7FQ5FUFSFP,115
11/23/2018 00:21:20,0686fec9b70e5039583a38119ca0c835,BBAEE992M8XFWEHE,115
11/23/2018 00:21:25,0686fec9b70e5039583a38119ca0c835qaq,BBAEDPZZTEZUHEJG,144
11/23/2018 00:21:30,06a3a63ee540bbd0be20284f9ca85279,BBAEEYYXSEDGJVHV,147
11/23/2018 00:21:35,06a3a63ee540bbd0be20284f9ca85279qaq,BBAEDZHYDZQGHHP3,119
11/23/2018 00:21:40,06a6ce4571fd2d3221ad8e614170f89e,BBAEDZHYHUYBYWHF,134
11/23/2018 00:21:45,06a6ce4571fd2d3221ad8e614170f89eqaq,BBAEEYH67ZGXREJQ,113
11/23/2018 00:21:50,06a7a274531ba62e3b4df081a7ce741c,BBAEDVTCRGHW8ENF,145
11/23/2018 00:21:55,06a7a274531ba62e3b4df081a7ce741cqaq,BBAE4S7SVZGPY5KW,118
11/23/2018 00:22:00,06ad8323cf9105f1aaae6515cf08a7d6,BBAE3RFEQ32TQEQN,115
11/23/2018 00:22:05,06ad8323cf9105f1aaae6515cf08a7d6qaq,BBAE8TJ3RKDA53HJ,117
11/23/2018 00:22:10,06afcc7d164ef4edccf2796cb14fa46f,BBAE3YT9UF7XDEXK,138
11/23/2018 00:22:15,06afcc7d164ef4edccf2796cb14fa46fqaq,BBAEAXFQHHMF3EYZ,113
11/23/2018 00:22:20,06c1f9d935ec2bc8e82ef567e164a7d8,BBAE92NUZ48DBEZY,116
11/23/2018 00:22:25,06c1f9d935ec2bc8e82ef567e164a7d8qaq,BBAE7Z93RYAJP662,110
11/23/2018 00:22:30,06d1e63a26baafb91a79d540fff55cd2,BBAECWQHFGRHEFAE,112
11/23/2018 00:22:35,06d1e63a26baafb91a79d540fff55cd2qaq,BBAEGJFRDFNK9FCH,143
11/23/2018 00:22:40,06e5eea195785ed3a1a0de86d2189850,BBAEE6ZDKHPTFFDA,133
11/23/2018 00:22:45,06e5eea195785ed3a1a0de86d2189850qaq,BBAEAAH4CHPF4FDG,115
11/23/2018 00:22:50,06f3f5cc6fc7fc41c2a2b2bda9b8315f,BBAE8YQE2ZC6AFEH,131
11/23/2018 00:22:55,06f3f5cc6fc7fc41c2a2b2bda9b8315fqaq,BBAE7F9BYHHXHFEK,150
11/23/2018 00:23:00,0710c57181ec1bbe38428856545a9342,BBAE7DPR5CBFFFG4,110
11/23/2018 00:23:05,0710c57181ec1bbe38428856545a9342qaq,BBAE9ZSFDZ5JEFGA,115
11/23/2018 00:23:10,0716366f968e0d101e5ed6ca93c426a5,BBAEEDQYKWXZDFHR,140
11/23/2018 00:23:15,0716366f968e0d101e5ed6ca93c426a5qaq,BBAECJDU9UGUYFHX,140
11/23/2018 00:23:20,072358bd77225180ae680205fed6c588,BBAEJZCA6NYFVFJR,119
11/23/2018 00:23:25,072358bd77225180ae680205fed6c588qaq,BBAEARKNSVBRNFJV,116
11/23/2018 00:23:30,0724adbc5016fc4f191a7b3f1a4cb872,BBAE66EGCGESRFMC,112
11/23/2018 00:23:35,0724adbc5016fc4f191a7b3f1a4cb872qaq,BBAE4PWDWUHFWFME,141
11/23/2018 00:23:40,073dbba7be299e1aa78efb5bf4b83636,BBAE9VRNE9E9NFMZ,110
11/23/2018 00:23:45,073dbba7be299e1aa78efb5bf4b83636qaq,BBAE2GZ2XHSHZFQG,111
11/23/2018 00:23:50,07454d1b60555174a45f2d738e926cb5,BBAE8YHVGRVFGFRJ,112
11/23/2018 00:23:55,07454d1b60555174a45f2d738e926cb5qaq,BBAE5GMYUBCDMFSF,119
11/23/2018 00:24:00,07495b253472cc4308063dcabc9eea95,BBAE66EF9DP5PFTY,113
11/23/2018 00:24:05,07495b253472cc4308063dcabc9eea95qaq,BBADYHF8GWVU6FYA,120
11/23/2018 00:24:10,074da389b4882a030be896466abb5ffd,BBAEDWRMWHFHGYGX,149
11/23/2018 00:24:15,074da389b4882a030be896466abb5ffdqaq,BBAEGFHEYYMKHFZR,130
11/23/2018 00:24:20,075ec75cfeae6057c19f6fb7b9d31b1d,BBAEAAYWZXFGXFZW,130
11/23/2018 00:24:25,075ec75cfeae6057c19f6fb7b9d31b1dqaq,BBAE9ZVCYN7HNFZY,131
11/23/2018 00:24:30,075f83720be6bb1622f0a0d86cdf6ae1,BBAE7F9BSHTHXGHJ,120
11/23/2018 00:24:35,075f83720be6bb1622f0a0d86cdf6ae1qaq,BBAE6GJFKF8PYG4H,136
11/23/2018 00:24:40,076381c8346e3c106bb9b8669b670bc1,BBAE4JGAB7AEHG7K,135
11/23/2018 00:24:45,076381c8346e3c106bb9b8669b670bc1qaq,BBAECZBMEB9TAG8Y,135
11/23/2018 00:24:50,07679d0f65643c7787e0dfa71c7b7778,BBADVRPJZZNHWUGU,139
11/23/2018 00:24:55,07679d0f65643c7787e0dfa71c7b7778qaq,BBAEEEZKVPZYTGBW,148
11/23/2018 00:25:00,076aaa17c135da4a133aa9b1734b484c,BBAE7VKY5GBHYGBX,118
11/23/2018 00:25:05,076aaa17c135da4a133aa9b1734b484cqaq,BBAE4B3ZU44CMGCJ,110
11/23/2018 00:25:10,078aad82634170c91998836c72b6b3c9,BBAEDVR7GWUK5C3Y,113
11/23/2018 00:25:15,078aad82634170c91998836c72b6b3c9qaq,BBAEDVR7GGK2Y7PN,112
11/23/2018 00:25:20,078d6174ef06dc6ab9a9edeee44a4073,BBADSEZD4HMTPGFZ,114
11/23/2018 00:25:25,078d6174ef06dc6ab9a9edeee44a4073qaq,BBAEA49HNDNQYGJU,118
11/23/2018 00:25:30,07a308557bf5dfa4bc25acd698b5ab16,BBAEE9CTDERGSGKW,114
11/23/2018 00:25:35,07a308557bf5dfa4bc25acd698b5ab16qaq,BBAEDVQFABYT2GPT,150
11/23/2018 00:25:40,07c849397414bb12bcc7f8110901c0ea,BBAEDVQEEBPQQVWE,136
11/23/2018 00:25:45,07c849397414bb12bcc7f8110901c0eaqaq,BBADSEZDSZZHYGRG,147
11/23/2018 00:25:50,07d0fb4992b666cb11a1a559a575b21f,BBAEJZSPWSYRUGRJ,139
11/23/2018 00:25:55,07d0fb4992b666cb11a1a559a575b21fqaq,BBAE53BEQJPKHGSA,111
11/23/2018 00:26:00,07d883fbc8b978aea4670e14df4c4e0f,BBAED6G6NS3SYGT4,113
11/23/2018 00:26:05,07d883fbc8b978aea4670e14df4c4e0fqaq,BBAEJK8Z5UD97GTP,150
11/23/2018 00:26:10,07df359773b45e5dceed57fdaa00a794,BBAEECVVGEXSKGUD,110
11/23/2018 00:26:15,07df359773b45e5dceed57fdaa00a794qaq,BBAEDUWFCWY9AGUF,119
11/23/2018 00:26:20,07f8bdc4372a73d0820507683a936b6e,BBADV33MZUQZXGVZ,131
11/23/2018 00:26:25,07f8bdc4372a73d0820507683a936b6eqaq,BBAEAEZ2EYWXWGZS,134
11/23/2018 00:26:30,08085a9f53d5d4fcc10b596e5d2e3375,BBAEEBGMPBGA2GZU,144
11/23/2018 00:26:35,08085a9f53d5d4fcc10b596e5d2e3375qaq,BBADZ3KUW4X4QH35,117
11/23/2018 00:26:40,080fa1437696615296915de122733e64,BBAECN6K5FNDZH3Z,119
11/23/2018 00:26:45,080fa1437696615296915de122733e64qaq,BBAE8WCSGZAKUH4F,143
11/23/2018 00:26:50,08116e0532f0483511c29527000b7c74,BBAEEYH6ZNYBFYRD,146
11/23/2018 00:26:55,08116e0532f0483511c29527000b7c74qaq,BBAEBDYBVEVGGHBW,119
11/23/2018 00:27:00,08288f6062e03ae82e5e6eae2cd573a6,BBAEBEYRUHGEARGR,120
11/23/2018 00:27:05,08288f6062e03ae82e5e6eae2cd573a6qaq,BBADYE6GJMUYGHGV,111
11/23/2018 00:27:10,083145054a3601a844df4bfb05cfc1a0,BBAE96QFMEKZZHHS,116
11/23/2018 00:27:15,083145054a3601a844df4bfb05cfc1a0qaq,BBAE6GJF6ZKD4HK6,112
11/23/2018 00:27:20,0834e7c74ab6d92facb46e298690560d,BBAE5B2HVHWD3HKH,136
11/23/2018 00:27:25,0834e7c74ab6d92facb46e298690560dqaq,BBAE9ZGYZGFMTBUZ,144
11/23/2018 00:27:30,084540d24e29b7d23ff0c808f87972e9,BBAE9ZGYVSGPHHKM,117
11/23/2018 00:27:35,084540d24e29b7d23ff0c808f87972e9qaq,BBAEDVQFZ4HZGHM9,144
11/23/2018 00:27:40,084ff50d0402b16d70e85cb5f354d356,BBAEE992S4E7FHPZ,133
11/23/2018 00:27:45,084ff50d0402b16d70e85cb5f354d356qaq,BBAEGFFCHHVSHHTX,111
11/23/2018 00:27:50,0865be505117429ee798427e5a4479cf,BBAE8UJZWPC6SHTY,119
11/23/2018 00:27:55,0865be505117429ee798427e5a4479cfqaq,BBAEA49HHKJTPHWV,112
11/23/2018 00:28:00,08679a9bd85a8dbe1c0be5331d64b3a7,BBAE5TFSUMZFRMHY,115
11/23/2018 00:28:05,08679a9bd85a8dbe1c0be5331d64b3a7qaq,BBAE9DCWDUT22HXT,147
11/23/2018 00:28:10,088063128a65b969bec2581ebf43d515,BBAEECMMZGPVNHY8,111
11/23/2018 00:28:15,088063128a65b969bec2581ebf43d515qaq,BBAE75Q9RSNJGHYG,138
11/23/2018 00:28:20,08a5c4cd2e28bc0c532e890b9041e55b,BBAE76FZE7Z3RHYR,114
11/23/2018 00:28:25,08a5c4cd2e28bc0c532e890b9041e55bqaq,BBAEAN9S4XKMAHZB,135
11/23/2018 00:28:30,08a9df901c61b0c87026086526e9865a,BBAEGGDE8QWHDEYB,110
11/23/2018 00:28:35,08a9df901c61b0c87026086526e9865aqaq,BBAECGVGS5PRKJSM,115
11/23/2018 00:28:40,08b3ac25ca2acfa5afea4d6815ca9f73,BBAE9ZGYQD7ZVHZG,118
11/23/2018 00:28:45,08b3ac25ca2acfa5afea4d6815ca9f73qaq,BBAE7QTPGDJESHNS,135
11/23/2018 00:28:50,08b765e7ec8b5e5e49b3b3ab10537daa,BBAE5G26HRQJTHZS,136
11/23/2018 00:28:55,08b765e7ec8b5e5e49b3b3ab10537daaqaq,BBAEE9AQCFCZKJ5C,116
11/23/2018 00:29:00,08e8af585235d7403ca2b7b56a51a6d4,BBADVZCAVGHFBJSV,120
11/23/2018 00:29:05,08e8af585235d7403ca2b7b56a51a6d4qaq,BBADSEZDCQGP4JAE,116
11/23/2018 00:29:10,08f20967af80468514e5c5bd0c212d31,BBAEB79JFG2VZVYG,114
11/23/2018 00:29:15,08f20967af80468514e5c5bd0c212d31qaq,BBAEEFYGEHSQMJBS,150
11/23/2018 00:29:20,08fb5f586167668080c5864a0b4b2ec4,BBAECF98YZGZBV9E,116
11/23/2018 00:29:25,08fb5f586167668080c5864a0b4b2ec4qaq,BBAECF98BEW95BFS,132
11/23/2018 00:29:30,09073f38039c3bed7df5c6d3f7f44455,BBAEGJFQZTGFHJHD,134
11/23/2018 00:29:35,09073f38039c3bed7df5c6d3f7f44455qaq,BBAE2FJ8SE6KSJMH,137
11/23/2018 00:29:40,090b2930ae050001931cd649a658898e,BBAE3529WRMHGJNR,116
11/23/2018 00:29:45,090b2930ae050001931cd649a658898eqaq,BBAE9YU45BS8XJPJ,119
11/23/2018 00:29:50,0931863cfe3d6f0bdf9490b0df064293,BBADSEZDGVYZWJSE,115
11/23/2018 00:29:55,0931863cfe3d6f0bdf9490b0df064293qaq,BBAE2FJ8NYUG6JYD,139
11/23/2018 00:30:00,0937ba092103301059695273c17abe23,BBAED5CEEVUGRKBE,140
11/23/2018 00:30:05,0937ba092103301059695273c17abe23qaq,BBAE7YVPVNQHDKDH,119
11/23/2018 00:30:10,0939750389ef168e807efdf588f6f143,BBAE9YU4VNAVMKEN,112
11/23/2018 00:30:15,0939750389ef168e807efdf588f6f143qaq,BBAEECMMPGJNEVKR,139
11/23/2018 00:30:20,093bf91a10010d31ba1c8e0e0b445d23,BBAEAEGB9FRHSKRY,112
11/23/2018 00:30:25,093bf91a10010d31ba1c8e0e0b445d23qaq,BBAE8M4X9GA77PAD,112
11/23/2018 00:30:30,094987351b8f814bc282a7b196dd4599,BBAEGGZEDHNZRKWM,111
11/23/2018 00:30:35,094987351b8f814bc282a7b196dd4599qaq,BBAE8N3AS7G4VKZZ,132
11/23/2018 00:30:40,0956bbc1df77047ffb44a4941a85635a,BBAEGHKRYKUQDXBH,112
11/23/2018 00:30:45,0956bbc1df77047ffb44a4941a85635aqaq,BBAE6G4RSRHTHMGZ,112
11/23/2018 00:30:50,09585f1b1e45f17e9a455065207a6a5f,BBAEDVQEPDVQPFWD,116
11/23/2018 00:30:55,09585f1b1e45f17e9a455065207a6a5fqaq,BBAE8FAGZRY2DMXU,144
11/23/2018 00:31:00,09645caaca531cad4fc6c754acd5d7ae,BBAEAGXHJGPGXMYG,147
11/23/2018 00:31:05,09645caaca531cad4fc6c754acd5d7aeqaq,BBAE5AKCCHWYRGAR,115
11/23/2018 00:31:10,09713e607c8de0f5e897a2ff104c8415,BBAE5XHN7VHZGDEG,149
11/23/2018 00:31:15,09713e607c8de0f5e897a2ff104c8415qaq,BBADSEZD52PWFMZW,146
11/23/2018 00:31:20,0979772217a6893975bbd4f21a0a15bc,BBAE9JAZJP8ZHNBX,113
11/23/2018 00:31:25,0979772217a6893975bbd4f21a0a15bcqaq,BBAE92YW6CR5FNDP,133
11/23/2018 00:31:30,098d305db01662e38218f420a02ba62e,BBAE7DPRYDNBTNEB,115
11/23/2018 00:31:35,098d305db01662e38218f420a02ba62eqaq,BBAE75HAMG45WNGF,120
11/23/2018 00:31:40,0991e8d8f884003ab18890971191085d,BBAED54BSUEQTNNU,111
11/23/2018 00:31:45,0991e8d8f884003ab18890971191085dqaq,BBADVRPJZYQ5MBZB,114
11/23/2018 00:31:50,0992a3ca36b5f5ff6dfc0b6abcd211f0,BBAECYHFCMMYSNY8,119
11/23/2018 00:31:55,0992a3ca36b5f5ff6dfc0b6abcd211f0qaq,BBAEDVQEWZDM2P32,110
11/23/2018 00:32:00,099c3566c8e2c2ab47877bcee3ae4db4,BBAE76S5FUWHZG3T,141
11/23/2018 00:32:05,099c3566c8e2c2ab47877bcee3ae4db4qaq,BBAE9K48E9UZFP7E,115
11/23/2018 00:32:10,09ac39a928252ce51c038ada67d683ed,BBAE7UEWQF5YJPCM,146
11/23/2018 00:32:15,09ac39a928252ce51c038ada67d683edqaq,BBAEDVR8DQYHHPEB,139
11/23/2018 00:32:20,09b529c66d26bbb864b8a89a9dd28f27,BBAEDVR75HYNAMAP,118
11/23/2018 00:32:25,09b529c66d26bbb864b8a89a9dd28f27qaq,BBAEDVR8H7Y3ZBMG,113
11/23/2018 00:32:30,09c85151b7a29fce20aa4b3ad6731c49,BBAE92YWHVVAGPFC,143
11/23/2018 00:32:35,09c85151b7a29fce20aa4b3ad6731c49qaq,BBADVZCAZGE4H3XK,116
11/23/2018 00:32:40,09d897363ae989e3b38719eca1da220b,BBAEGFFGE9YP5PFZ,119
11/23/2018 00:32:45,09d897363ae989e3b38719eca1da220bqaq,BBAE66EFESWZBPG6,137
11/23/2018 00:32:50,0a06e3a7bbd4a5c1023a84e1dfe1c7c7,BBAE2YHCGG47BPH3,117
11/23/2018 00:32:55,0a06e3a7bbd4a5c1023a84e1dfe1c7c7qaq,BBAE8QEFYAQFSPHP,112
11/23/2018 00:33:00,0a0e4c056f4eba34980657f4b969d040,BBADSEZD9SMFHPHQ,134
11/23/2018 00:33:05,0a0e4c056f4eba34980657f4b969d040qaq,BBAECD6FBNVFWPQB,113
11/23/2018 00:33:10,0a16acc3c4af3bcdf6f8ec27df3cb89f,BBAE3JRHGNSJH8ZK,113
11/23/2018 00:33:15,0a16acc3c4af3bcdf6f8ec27df3cb89fqaq,BBAEBFKGNG7PJARH,135
11/23/2018 00:33:20,0a1b2a0599ab7e19cc7c30ee1b927728,BBAE73VFEZDFQPX4,110
11/23/2018 00:33:25,0a1b2a0599ab7e19cc7c30ee1b927728qaq,BBADXSRE84XPGPXU,138
11/23/2018 00:33:30,0a3b5fdf77a361c2d7d9b29c259b8c4e,BBADVC3FTSDUUQD2,140
11/23/2018 00:33:35,0a3b5fdf77a361c2d7d9b29c259b8c4eqaq,BBAE9Y5DTH9YTJBK,118
11/23/2018 00:33:40,0a4ae5ab355d130d3b4be894124caa7d,BBAED8AU4Q5WBQTG,144
11/23/2018 00:33:45,0a4ae5ab355d130d3b4be894124caa7dqaq,BBAE7F9BYJ5U8QUE,142
11/23/2018 00:33:50,0a61f51fcb80ff63d3e2a22e75c2aee1,BBAE4S7SZBZDHFQ2,143
11/23/2018 00:33:55,0a61f51fcb80ff63d3e2a22e75c2aee1qaq,BBAE4SX6HEYYKXPH,148
11/23/2018 00:34:00,0a8c0ec37769969c22525d570a949551,BBAEA49HQKRYCR4Z,134
11/23/2018 00:34:05,0a8c0ec37769969c22525d570a949551qaq,BBAECRF7EH8TVRCD,110
11/23/2018 00:34:10,0a996413b6438eae95c943de8dab8f88,BBAEEYH6KBF76RDT,112
11/23/2018 00:34:15,0a996413b6438eae95c943de8dab8f88qaq,BBAEDZHYSSVDDZYZ,117
11/23/2018 00:34:20,0aa4e7285c0f89382d55cbf448de9a37,BBAEACAAGGKUMRFR,143
11/23/2018 00:34:25,0aa4e7285c0f89382d55cbf448de9a37qaq,BBAE76FZ6E2ZERN7,150
11/23/2018 00:34:30,0aa757eaaa5055e2ac3e51db494ea8c4,BBAEE992JPGG7RQG,145
11/23/2018 00:34:35,0aa757eaaa5055e2ac3e51db494ea8c4qaq,BBAE7XF3YCY4JRQU,136
11/23/2018 00:34:40,0aaf50d35c3396dcfe2f5a30c4480b37,BBAE2YBX9HNXXRV4,120
11/23/2018 00:34:45,0aaf50d35c3396dcfe2f5a30c4480b37qaq,BBADZKBHGND8CS2D,119
11/23/2018 00:34:50,0ab3c0b9179a01ca8a34f00edf23688e,BBAEGFHXHG9BJS8K,146
11/23/2018 00:34:55,0ab3c0b9179a01ca8a34f00edf23688eqaq,BBAEBVHCJTRR2S9W,132
11/23/2018 00:35:00,0ab722848ee77ef904400758537b686d,BBAE4S7SQT6PZHJY,110
11/23/2018 00:35:05,0ab722848ee77ef904400758537b686dqaq,BBAE826BYDDRBBBV,142
11/23/2018 00:35:10,0ab8f11100d7de32c8afe82bc100751a,BBADVRPJWMJEJQZG,119
11/23/2018 00:35:15,0ab8f11100d7de32c8afe82bc100751aqaq,BBAE5W98GVTZ9FAZ,117
11/23/2018 00:35:20,0abe931bedd044ac2b60b6eff6425234,BBAEB73E3HVHDSPN,150
11/23/2018 00:35:25,0abe931bedd044ac2b60b6eff6425234qaq,BBAE3ZZVU9G6XVNS,116
11/23/2018 00:35:30,0ad3ff1f2bc003aeb357d080b619c797,BBAEGG6DGZUDGSQW,114
11/23/2018 00:35:35,0ad3ff1f2bc003aeb357d080b619c797qaq,BBAE7AGXUZ3TWSR8,114
11/23/2018 00:35:40,0ada5238c3b01b5e948afdd8728c6e29,BBADVZCAVZYNEFEG,116
11/23/2018 00:35:45,0ada5238c3b01b5e948afdd8728c6e29qaq,BBAEBDHQHGTRSSXC,110
11/23/2018 00:35:50,0ae6a105ab4768e5da39dbe2399de9f1,BBAE3RFEKUANZSZD,139
11/23/2018 00:35:55,0ae6a105ab4768e5da39dbe2399de9f1qaq,BBAECGVH2K3ZGEW7,142
11/23/2018 00:36:00,0b0524bb41e1f8001a456759a325fc7f,BBAE5W98UMWFFCJR,112
11/23/2018 00:36:05,0b0524bb41e1f8001a456759a325fc7fqaq,BBAEEYH63GTPVTA8,118
11/23/2018 00:36:10,0b08a4d6592420a526952935edb114ff,BBAEDZHYCJZWPV7D,119
11/23/2018 00:36:15,0b08a4d6592420a526952935edb114ffqaq,BBAEFJG7XQYNHTAA,134
11/23/2018 00:36:20,0b0c41b800ae70958f36177838bb3ff1,BBAEJMG2GYWS9TAZ,118
11/23/2018 00:36:25,0b0c41b800ae70958f36177838bb3ff1qaq,BBAEGG6ERJXKKTCR,148
11/23/2018 00:36:30,0b30041f50f456c2b5ac8e71c3c98679,BBAE6G4RHFUTSTES,142
11/23/2018 00:36:35,0b30041f50f456c2b5ac8e71c3c98679qaq,BBAEA8FD33BZXTEZ,112
11/23/2018 00:36:40,0b358a8a64aff0211e4fd4dc8038f169,BBAE8HKQYYNN4ZG3,130
11/23/2018 00:36:45,0b358a8a64aff0211e4fd4dc8038f169qaq,BBAEFG4A9PBKCTKQ,143
11/23/2018 00:36:50,0b465899fcdcb88dd78e1e14ec4b87e0,BBAEDVQFCVT4UTMR,131
11/23/2018 00:36:55,0b465899fcdcb88dd78e1e14ec4b87e0qaq,BBAEDVQFMYGBZGMQ,133
11/23/2018 00:37:00,0b52518c8eba9e87e7905e3e870635b3,BBAEDVR8CJJKQTTK,140
11/23/2018 00:37:05,0b52518c8eba9e87e7905e3e870635b3qaq,BBAEDVR7KRQT7EP9,111
11/23/2018 00:37:10,0b69cd5d577a0276e22a7d5ea2455f3d,BBADY8Q5XATTDTUY,112
11/23/2018 00:37:15,0b69cd5d577a0276e22a7d5ea2455f3dqaq,BBAE6HEHVQQYYTYJ,119
11/23/2018 00:37:20,0b6cc00d548fd481eb7793c90fd955ce,BBAEJA5DYZ8VCCBZ,119
11/23/2018 00:37:25,0b6cc00d548fd481eb7793c90fd955ceqaq,BBAEAG4DMUBBYUKA,112
11/23/2018 00:37:30,0b6dba1763cfe4a682a0d579fd8230ce,BBAEAN9SF6A38UKD,120
11/23/2018 00:37:35,0b6dba1763cfe4a682a0d579fd8230ceqaq,BBAE7AGX8CF7TY8U,113
11/23/2018 00:37:40,0b793c1727ef52285a25dedf8b86626b,BBAEAG4DXY4KUVTE,115
11/23/2018 00:37:45,0b793c1727ef52285a25dedf8b86626bqaq,BBAE9ZGY3DNEFUQX,140
11/23/2018 00:37:50,0b7e0577a0fe401d0d87b8b4a8564a07,BBAEDZ9VZTDNKUQZ,131
11/23/2018 00:37:55,0b7e0577a0fe401d0d87b8b4a8564a07qaq,BBAE7YVPPEGDNGP4,111
11/23/2018 00:38:00,0b852704f2002f8865a68818ad4951da,BBAEDVQFYXRHVUVC,113
11/23/2018 00:38:05,0b852704f2002f8865a68818ad4951daqaq,BBAE6MFYTVYKKUVE,115
11/23/2018 00:38:10,0ba8fc375a28ec7b4bc4cac636ad5d44,BBAEBR4EQTPUPUW6,131
11/23/2018 00:38:15,0ba8fc375a28ec7b4bc4cac636ad5d44qaq,BBAE8WCSBTFNXUYQ,111
11/23/2018 00:38:20,0bdfc96a30bf145924bf20c600effede,BBAEFUFSYGJYCUYS,143
11/23/2018 00:38:25,0bdfc96a30bf145924bf20c600effedeqaq,BBAE7F9BXDKZVUZM,119
11/23/2018 00:38:30,0bf2786646fec0d1e8948ea788226bfb,BBAEJKECZ2ZNAUZQ,113
11/23/2018 00:38:35,0bf2786646fec0d1e8948ea788226bfbqaq,BBAE8M4XNFPWUVAF,110
11/23/2018 00:38:40,0bfe04efbe01afaf755567d0129133ca,BBAEAGTC3ABCHVEY,110
11/23/2018 00:38:45,0bfe04efbe01afaf755567d0129133caqaq,BBAEC89PP5NCWVFR,111
11/23/2018 00:38:50,0c0bd0f9481ae37baf55a8a07af137c6,BBAEYB4V9HHXVVHE,116
11/23/2018 00:38:55,0c0bd0f9481ae37baf55a8a07af137c6qaq,BBAE7YVPMTU2PJFX,138
11/23/2018 00:39:00,0c286ccc0b2cbc874b25e739c57d5b71,BBAE3FSU8BZS8VHT,116
11/23/2018 00:39:05,0c286ccc0b2cbc874b25e739c57d5b71qaq,BBAEDVQFZ8Q4MMRT,145
11/23/2018 00:39:10,0c2cbe50f7d5cd9f231caa694fe6f31c,BBAE9VRMDSTGHVKG,116
11/23/2018 00:39:15,0c2cbe50f7d5cd9f231caa694fe6f31cqaq,BBAEBZVC2AGGJVTG,116
11/23/2018 00:39:20,0c4160aacf496105cebef4a378f59200,BBAE5W34GYHRFW3S,130
11/23/2018 00:39:25,0c4160aacf496105cebef4a378f59200qaq,BBADVZCAETW3F6N3,147
11/23/2018 00:39:30,0c4e7646251e7646e152cca7f614ed36,BBAE6J8SWPAUGXNT,116
11/23/2018 00:39:35,0c4e7646251e7646e152cca7f614ed36qaq,BBAEE82Z8WNRMWBZ,119
11/23/2018 00:39:40,0c69843a3c64d49481d9772920a6d4d8,BBAE9HP8BM7HPWDA,118
11/23/2018 00:39:45,0c69843a3c64d49481d9772920a6d4d8qaq,BBAEEEV2VHQYFZCM,140
11/23/2018 00:39:50,0c70a580d96e50966130e2885d8c3505,BBAE4T44VX5UGK6J,146
11/23/2018 00:39:55,0c70a580d96e50966130e2885d8c3505qaq,BBAEFJG7GNRYEWHR,139
11/23/2018 00:40:00,0c7b02fafda051b1b463fed3205bfb0e,BBAE9YU4PSQBFWQ6,120
11/23/2018 00:40:05,0c7b02fafda051b1b463fed3205bfb0eqaq,BBAECSWQ7QPRJSES,137
11/23/2018 00:40:10,0c892bdfacea679733bf12d0ba929d96,BBAEB44W3EZMTFTF,144
11/23/2018 00:40:15,0c892bdfacea679733bf12d0ba929d96qaq,BBAEFFW9PECFFWUE,114
11/23/2018 00:40:20,0c90796cb2053a9fce34923f559a7689,BBAE7YXHGRREUWXG,150
11/23/2018 00:40:25,0c90796cb2053a9fce34923f559a7689qaq,BBAEJMG2PEDSKWXZ,135
11/23/2018 00:40:30,0c92d0d447e3d0de33b80e287f52d867,BBAE7AGX9CTCWX3W,141
11/23/2018 00:40:35,0c92d0d447e3d0de33b80e287f52d867qaq,BBADXV8PZGHTVX4Y,144
11/23/2018 00:40:40,0ca04c57f31eb9b91c85c41304502723,BBAE3CSSJJHYZJZV,141
11/23/2018 00:40:45,0ca04c57f31eb9b91c85c41304502723qaq,BBAE3CSS6YJZEX8W,111
11/23/2018 00:40:50,0ca4006011b630fcc50b8cecd4efb183,BBADR66XXFKCHXCM,133
11/23/2018 00:40:55,0ca4006011b630fcc50b8cecd4efb183qaq,BBAECFD4N7UBNXDB,131
11/23/2018 00:41:00,0cb6033ab7aa99d509a0ca8c82f0ec2e,BBAECYHFSFU2SXK9,144
11/23/2018 00:41:05,0cb6033ab7aa99d509a0ca8c82f0ec2eqaq,BBAE9WX5HK3G3FXJ,114
11/23/2018 00:41:10,0cc25b6869abcc37529fd63274498f89,BBADSEZDQVMBRXQE,130
11/23/2018 00:41:15,0cc25b6869abcc37529fd63274498f89qaq,BBAE73VF6GBYSXQN,114
11/23/2018 00:41:20,0cc42dbb51e8fc5d7770abf0bc1e4826,BBAE9RFGX5CYVXQR,115
11/23/2018 00:41:25,0cc42dbb51e8fc5d7770abf0bc1e4826qaq,BBAE86J6VWJH6XUE,110
11/23/2018 00:41:30,0cc7ecaa904596da681a85281a47d89f,BBAEEBKG7CXKFXWY,140
11/23/2018 00:41:35,0cc7ecaa904596da681a85281a47d89fqaq,BBAEBYRDZXSDGXXH,148
11/23/2018 00:41:40,0cd23ed4efcb301093cb14df25fd1225,BBADWZZETJDV7XYM,115
11/23/2018 00:41:45,0cd23ed4efcb301093cb14df25fd1225qaq,BBAEGG6EZGVG7XZC,118
11/23/2018 00:41:50,0ce500051caf7794251813cc295cd551,BBAEDPZZ9JV7XY5Z,133
11/23/2018 00:41:55,0ce500051caf7794251813cc295cd551qaq,BBAEE9B8SCVG5Y7Y,110
11/23/2018 00:42:00,0d02f4703fde00645704e15bba23e77d,BBAEAKYFXTAFYY8Y,116
11/23/2018 00:42:05,0d02f4703fde00645704e15bba23e77dqaq,BBAED5FYB5VMPYAF,115
11/23/2018 00:42:10,0d08b436ac222f216f18a5909eac2273,BBAEH238PC26BHVM,113
11/23/2018 00:42:15,0d08b436ac222f216f18a5909eac2273qaq,BBAE3JRHGSBAGYEH,118
11/23/2018 00:42:20,0d0cc8bb54347ea8d599d5220bdffbbd,BBAEDV4ZHX5SEYHF,112
11/23/2018 00:42:25,0d0cc8bb54347ea8d599d5220bdffbbdqaq,BBAEAE9AQGTYEYHN,116
11/23/2018 00:42:30,0d196f740418afb5291513a31149741e,BBADSEZDJSJZ9YJB,119
11/23/2018 00:42:35,0d196f740418afb5291513a31149741eqaq,BBAED5CFUGFYYTZZ,144
11/23/2018 00:42:40,0d24f1f91499ff7726e51dd2f993cb37,BBAED4Z4QQZJDYKJ,131
11/23/2018 00:42:45,0d24f1f91499ff7726e51dd2f993cb37qaq,BBAE7C7JERSTNYNH,118
11/23/2018 00:42:50,0d2576c33b1772ade96f8187a3ddfea3,BBAED4Y9XDBEVYQ7,118
11/23/2018 00:42:55,0d2576c33b1772ade96f8187a3ddfea3qaq,BBAEDHF3YF6XTYRG,139
11/23/2018 00:43:00,0d2b9c2a3773af4ebf9ed26e0ad81b3c,BBAE76FZQBEZ3YTE,150
11/23/2018 00:43:05,0d2b9c2a3773af4ebf9ed26e0ad81b3cqaq,BBAEBRZTRJKZZB4Y,133
11/23/2018 00:43:10,0d344430b1b9c312070b6c0c5506d2b0,BBAE6GJFF3AQSYXG,118
11/23/2018 00:43:15,0d344430b1b9c312070b6c0c5506d2b0qaq,BBAEB9ZDUHFDYYXK,132
11/23/2018 00:43:20,0d3e1dc0d38be59e9927e47f152e48aa,BBAEB64FHHFVTZ6N,142
11/23/2018 00:43:25,0d3e1dc0d38be59e9927e47f152e48aaqaq,BBAE7DBHQHZCBZ8G,113
11/23/2018 00:43:30,0d557991587e401846793ab6db500887,BBAE4PWDFAHCWZ8Q,112
11/23/2018 00:43:35,0d557991587e401846793ab6db500887qaq,BBAECGVHRKGVGEHM,116
11/23/2018 00:43:40,0d63cb0765257293199cba5eda1e6e2d,BBAEBYRDVHBHFBYK,149
11/23/2018 00:43:45,0d63cb0765257293199cba5eda1e6e2dqaq,BBAECT3MJ2QVGXBH,112
11/23/2018 00:43:50,0d6727927163deae77ea4050f3abea11,BBAEY9YKJHHPGZCE,114
11/23/2018 00:43:55,0d6727927163deae77ea4050f3abea11qaq,BBADSPGYGJHKFJGC,114
11/23/2018 00:44:00,0d6f2f77a2afe1b6e15afc44ac7f63a5,BBAE86J6ZYXTPZCZ,131
11/23/2018 00:44:05,0d6f2f77a2afe1b6e15afc44ac7f63a5qaq,BBAEAFBA9PMBVZH4,118
11/23/2018 00:44:10,0d726fd782cd8061ad4e43979fb66cca,BBAEBTRWQGXX6GCF,110
11/23/2018 00:44:15,0d726fd782cd8061ad4e43979fb66ccaqaq,BBAECHGKFYZTWZJM,138
11/23/2018 00:44:20,0d7bfb9799a7bb5525ec2d9ea0688f97,BBAE6G4QQRGRFZNE,137
11/23/2018 00:44:25,0d7bfb9799a7bb5525ec2d9ea0688f97qaq,BBAE7SSNKUZPRZNU,118
11/23/2018 00:44:30,0d8a6c2d1b58d3dc40a4abda93fb1129,BBAEDZHYBQQZ9FBP,113
11/23/2018 00:44:35,0d8a6c2d1b58d3dc40a4abda93fb1129qaq,BBAEEYYXG9X5S9HY,111
11/23/2018 00:44:40,0d9de391e96587816148a1b377633d8f,BBAEDZHY7BGKHBTH,113
11/23/2018 00:44:45,0d9de391e96587816148a1b377633d8fqaq,BBAEBZTBUGTHUZQS,116
11/23/2018 00:44:50,0da606cc596745d8e5355530026fe6ed,BBADVRPJUC3RU7F3,117
11/23/2018 00:44:55,0da606cc596745d8e5355530026fe6edqaq,BBAECWEYMV8NQE9M,146
11/23/2018 00:45:00,0dad330b790e1742af9c14a5d1e5cd4a,BBADV33MYHJFYZWQ,116
11/23/2018 00:45:05,0dad330b790e1742af9c14a5d1e5cd4aqaq,BBAECH62RUVBWZY3,148
11/23/2018 00:45:10,0db2d532e2c9312542ef0a676fa2ae14,BBAEDVYSEN75YZZ7,141
11/23/2018 00:45:15,0db2d532e2c9312542ef0a676fa2ae14qaq,BBAE8UJP6A882UU6,147
11/23/2018 00:45:20,0deca33157073c6ef0753463062e017e,BBADZYTUFZVWZZZJ,141
11/23/2018 00:45:25,0deca33157073c6ef0753463062e017eqaq,BBAEBNNHUBKTAZZU,112
11/23/2018 00:45:30,0e0532c685b4d2c1679539a9ddb4bb80,BRTEJMMTQZHCY7KH,141
11/23/2018 00:45:35,0e0532c685b4d2c1679539a9ddb4bb80qaq,BRTEGXJDRANRMDND,112
11/23/2018 00:45:40,0e15bd559311edc256e8737be299b470,BATDCG2BY234294F,138
11/23/2018 00:45:45,0e15bd559311edc256e8737be299b470qaq,BATEGR3ZHKPGMHXD,118
11/23/2018 00:45:50,0e1e3861d54a8a17b7b91f04071a4ca3,BATEJWMFNPPYHP9U,113
11/23/2018 00:45:55,0e1e3861d54a8a17b7b91f04071a4ca3qaq,BATDF3AYH7YNCUZC,135
11/23/2018 00:46:00,0e1f13348e6d0642db8fd76ea082d8ab,BATDCG2BUYHJSUZE,142
11/23/2018 00:46:05,0e1f13348e6d0642db8fd76ea082d8abqaq,BATE8ZGJQVVYTVHC,118
11/23/2018 00:46:10,0e26cdf5d457889b2a9200cc9f30e734,BATDCG2BN6HDVWPW,132
11/23/2018 00:46:15,0e26cdf5d457889b2a9200cc9f30e734qaq,BEOE7MP2VSPHHV62,114
11/23/2018 00:46:20,0e34d7de578812dd96d640ec575686e3,BEOEGXRVKHSGJHMR,149
11/23/2018 00:46:25,0e34d7de578812dd96d640ec575686e3qaq,BEOEHHQZYG2VSX6W,117
11/23/2018 00:46:30,0e34ee080c9ecaa0a03d1717cfe263aa,BTWECFNXKR9RN2UE,118
11/23/2018 00:46:35,0e34ee080c9ecaa0a03d1717cfe263aaqaq,BTWDZHJG9GYG646G,116
11/23/2018 00:46:40,0e3da82f97082b44436b7875beb01a63,BTWEYHEHGEHZP4RV,114
11/23/2018 00:46:45,0e3da82f97082b44436b7875beb01a63qaq,BTWEHQVQ5VBYE54K,116
11/23/2018 00:46:50,0e6b3b62e4559a0086a319cdd71e956a,BTWEBGG5Q56MQ5YJ,115
11/23/2018 00:46:55,0e6b3b62e4559a0086a319cdd71e956aqaq,BTWEBGZ3YVTGG65G,143
11/23/2018 00:47:00,0e814a3a8be3d846bf200f5f25365ddd,BTWDZHJGYMHHH78C,116
11/23/2018 00:47:05,0e814a3a8be3d846bf200f5f25365dddqaq,BTWEBUHYYNMZ77FN,112
11/23/2018 00:47:10,0e8cc4e83360256e2b01e9dc605918c9,BTWEBRD4PJUZZ7P6,114
11/23/2018 00:47:15,0e8cc4e83360256e2b01e9dc605918c9qaq,BTWECS3E4KQ3E9UZ,149
11/23/2018 00:47:20,0e9f2c3f32f77bd54da7f813815ae059,BTWEG6SHXTDB2A2Y,120
11/23/2018 00:47:25,0e9f2c3f32f77bd54da7f813815ae059qaq,BTWEE2FFGXVH3MFW,110
11/23/2018 00:47:30,0ea5dbf6a8e3885960ea92c56f8b2a03,BTWEBRA5GTSGAANQ,118
11/23/2018 00:47:35,0ea5dbf6a8e3885960ea92c56f8b2a03qaq,BTWE3SMGZCGQMAZX,112
11/23/2018 00:47:40,0ead48932dad20b680f05017a0f4ce62,BTWE2QPEY9F8ZBGX,117
11/23/2018 00:47:45,0ead48932dad20b680f05017a0f4ce62qaq,BTWE6HD2UQA5HBHY,120
11/23/2018 00:47:50,0eb402a5e3d3e4c16619163e21a1ca9e,BTWDYH2TV374GBWR,143
11/23/2018 00:47:55,0eb402a5e3d3e4c16619163e21a1ca9eqaq,BTWE5FQBHHUNHCKJ,111
11/23/2018 00:48:00,0eb4793192914a8febde609fb7546fbd,BTWEA4F3G4BNEDHF,114
11/23/2018 00:48:05,0eb4793192914a8febde609fb7546fbdqaq,BTWE9ZPV7FJQ64KS,112
11/23/2018 00:48:10,0eb56a7d506f5aad759339b19b754669,BTWEDXPFWZRCCDPG,143
11/23/2018 00:48:15,0eb56a7d506f5aad759339b19b754669qaq,BTWDZHJGZHKPHDSG,150
11/23/2018 00:48:20,0ec47240feda42c63e42f1e9cee60f7a,BTWEYHEH6MF6GET4,115
11/23/2018 00:48:25,0ec47240feda42c63e42f1e9cee60f7aqaq,BTWEYY3C9MRZJETW,115
11/23/2018 00:48:30,0ec8a8156e45391cf6ef12938c5bc210,BTWE6HD2SY5CQF3W,134
11/23/2018 00:48:35,0ec8a8156e45391cf6ef12938c5bc210qaq,BTWEFZ4V9VFX8FAH,150
11/23/2018 00:48:40,0ecdf542f0735c369c1458734633c1b9,BTWECDBWTUETCFCK,140
11/23/2018 00:48:45,0ecdf542f0735c369c1458734633c1b9qaq,BTWEYHEHJTXUSFH3,148
11/23/2018 00:48:50,0f21dd6116941f03ef3ab3a47f13033b,BTWE968V4KCVPFZW,111
11/23/2018 00:48:55,0f21dd6116941f03ef3ab3a47f13033bqaq,BTWEBRYFPZQDCGJC,120
11/23/2018 00:49:00,0f2a07a4eb6fe738d5fe641f77c01888,BTWDSZQTJTXGBGPU,130
11/23/2018 00:49:05,0f2a07a4eb6fe738d5fe641f77c01888qaq,BTWEAHEH8PNKZH3J,119
11/23/2018 00:49:10,0f2dd5b68c9fa37502a54552f49af7fb,BTWEDQ9TZX5FRHCC,111
11/23/2018 00:49:15,0f2dd5b68c9fa37502a54552f49af7fbqaq,BTWEDXPFKGYUKKNG,118
11/23/2018 00:49:20,0f2f2ca1eebd50883f442a5392c0ff0f,BTWEFZ4VD6THQHVH,149
11/23/2018 00:49:25,0f2f2ca1eebd50883f442a5392c0ff0fqaq,BTWEYFA942QUCJ6Q,132
11/23/2018 00:49:30,0f36e364e9b0a0b9b41d065b8e923d9b,BTWECGZYWFZGQJCF,114
11/23/2018 00:49:35,0f36e364e9b0a0b9b41d065b8e923d9bqaq,BTWEEYJR46VFFQW6,145
11/23/2018 00:49:40,0f3abd0d211cea3555d9ec5f80ea97f8,BTWEDYY4TJDYZTWC,138
11/23/2018 00:49:45,0f3abd0d211cea3555d9ec5f80ea97f8qaq,BTWEB2PFYPSZNNVK,146
11/23/2018 00:49:50,0f6802b82ee2d638838381d667fb65db,BTWE64SSJGXGCPCV,111
11/23/2018 00:49:55,0f6802b82ee2d638838381d667fb65dbqaq,BTWEF3HHZRZ8HPGT,148
11/23/2018 00:50:00,0f70486fe6ba1463f1037b0579d518e2,BTWDZHJGSFJ4SQ8G,142
11/23/2018 00:50:05,0f70486fe6ba1463f1037b0579d518e2qaq,BTWE953YQZ5JDQMF,114
11/23/2018 00:50:10,0f88056458a83674e489cd70c383be49,BTWEDFS9HU3WDRC6,139
11/23/2018 00:50:15,0f88056458a83674e489cd70c383be49qaq,BTWE9B4GNTPXFUH6,143
11/23/2018 00:50:20,0f971158f714d5e398af7cc1fd2dfb80,BTWEBZYHA6ZFBWK4,118
11/23/2018 00:50:25,0f971158f714d5e398af7cc1fd2dfb80qaq,BTWDYMY2AY556WZV,120
11/23/2018 00:50:30,0f9b4806d289f5399b6bb7f40ab1d3ef,BTWEE5JSBPGZ6WZZ,141
11/23/2018 00:50:35,0f9b4806d289f5399b6bb7f40ab1d3efqaq,BTWEDCYYZEGXFXCT,149
11/23/2018 00:50:40,0fa269ea4de3b019bffd781122ff115c,BTWDZ4SQHYMB8XEX,115
11/23/2018 00:50:45,0fa269ea4de3b019bffd781122ff115cqaq,BTWEDRTHRY83HXYY,110
11/23/2018 00:50:50,0fb228685906c23feb8e54fb0cb467ba,BTWEEDBQDZKZJY5E,112
11/23/2018 00:50:55,0fb228685906c23feb8e54fb0cb467baqaq,BTWEBCPH5UWHMY7U,114
11/23/2018 00:51:00,0fb72fd964de1776b008c283766ab283,BTWE7T3W9VYRKYAF,117
11/23/2018 00:51:05,0fb72fd964de1776b008c283766ab283qaq,BTWEYHEHQANKJUAG,120
11/23/2018 00:51:10,0fb7436cb8291c22d8cacfff2e6faabf,BTWE7GTGSHBTEZC8,137
11/23/2018 00:51:15,0fb7436cb8291c22d8cacfff2e6faabfqaq,BTWEE9APJJHT7ZHA,146
11/23/2018 00:51:20,0fc3ac5448ff49bf02049ef574cb564a,BTWEYHEHMWUPMZM8,113
11/23/2018 00:51:25,0fc3ac5448ff49bf02049ef574cb564aqaq,BTWEBRD3XC3TNZU7,110
11/23/2018 00:51:30,0fc5b7852dfe676e73549d412de19db3,BTWEBHYMEUDSHZXW,139
11/23/2018 00:51:35,0fc5b7852dfe676e73549d412de19db3qaq,ACCEGYSC7S7HARGB,148
11/23/2018 00:51:40,0fdbd1f86ec520c87dfbfd1ef417430a,ACCEGYSD3FSRZXEH,146
11/23/2018 00:51:45,0fdbd1f86ec520c87dfbfd1ef417430aqaq,ACCEKFVWCGHSY6NF,139
11/23/2018 00:51:50,0fe0ccf57d3f129c8b2e0284b18749b3,ACCEKFVWTGZXG5XK,120
11/23/2018 00:51:55,0fe0ccf57d3f129c8b2e0284b18749b3qaq,ACCEKFVWGHGNJGP4,149
11/23/2018 00:52:00,1000aaf60cdcc274caafda32cd0b7edf,ACCEKFVVZJMTYWPK,115
11/23/2018 00:52:05,1000aaf60cdcc274caafda32cd0b7edfqaq,ACCEKFVVHCJHKVCR,112
11/23/2018 00:52:10,100293248eb4b0d1b493adc73b44d1b9,ACCEKFVXCGWGCH7H,137
11/23/2018 00:52:15,100293248eb4b0d1b493adc73b44d1b9qaq,ACCEKFVWTZPD5HPT,130
11/23/2018 00:52:20,1003008ee8b747a3957a4f8646e27da3,ACCEKFVXGGHZ9VES,146
11/23/2018 00:52:25,1003008ee8b747a3957a4f8646e27da3qaq,ACCEKFVX9RJR743C,114
11/23/2018 00:52:30,1005e0018a808e699561c9143ef1a82d,ACCEGYP2TMX2NUPH,131
11/23/2018 00:52:35,1005e0018a808e699561c9143ef1a82dqaq,ACCEGYP259YXZJ4H,136
11/23/2018 00:52:40,103a0afd5c9425ca2b858805e54dc529,ACCEGYP28HFF9ATP,130
11/23/2018 00:52:45,103a0afd5c9425ca2b858805e54dc529qaq,ACCEGYP2U9GYXRBX,110
11/23/2018 00:52:50,10598cf27c0b1a873813ffe41094390a,ACCEGYP2FYTWVKUB,137
11/23/2018 00:52:55,10598cf27c0b1a873813ffe41094390aqaq,ACCEGYP28HSG3DMK,111
11/23/2018 00:53:00,105fc35b986ace5bbcb4a1ffef1017e6,ACCEGYP2ZNGRUETZ,118
11/23/2018 00:53:05,105fc35b986ace5bbcb4a1ffef1017e6qaq,ACCEGYP2DUKTZP9H,114
11/23/2018 00:53:10,10665406a508ff6831ffd991e9dcf1c3,ACCEGYP2E2U5ZMGQ,111
11/23/2018 00:53:15,10665406a508ff6831ffd991e9dcf1c3qaq,ACCEGYPF35GBXNGB,112
11/23/2018 00:53:20,106efff3f3b8501597f9d2fd53ad9990,ACCEGK9TXV3RMMXY,137
11/23/2018 00:53:25,106efff3f3b8501597f9d2fd53ad9990qaq,ACCEG78UFRPGUTVZ,132
11/23/2018 00:53:30,1084f3f0a7801f7da90437423918c114,ACCEFYBAYY7HPBGH,144
11/23/2018 00:53:35,1084f3f0a7801f7da90437423918c114qaq,ACCEGGXEBPFGCDPQ,148
11/23/2018 00:53:40,1098f439fac628d392e61af4eb99a1aa,ACCEGFBYZCVUMFF5,146
11/23/2018 00:53:45,1098f439fac628d392e61af4eb99a1aaqaq,ACCEFYBA3VFCDG9D,119
11/23/2018 00:53:50,109b517c49e4785c549d5859bcfc08a9,ACCEFYBA2PKGHQAB,110
11/23/2018 00:53:55,109b517c49e4785c549d5859bcfc08a9qaq,ACCEG7DAYFG48SSH,115
11/23/2018 00:54:00,10c13e3858ac0e258b0dad29a11ea8d0,ACCEFYBARV3SZXZR,116
11/23/2018 00:54:05,10c13e3858ac0e258b0dad29a11ea8d0qaq,BEBEGAREZQXPEKFZ,115
11/23/2018 00:54:10,10cc733d8001005b594e73478807b2e3,BEMEEZ6CFDVZTGWW,120
11/23/2018 00:54:15,10cc733d8001005b594e73478807b2e3qaq,BEMEGFHSDCNRX9SG,115
11/23/2018 00:54:20,10cd8b153994cb288e4f5eeb9fe9288e,BEMEGFHSMHZYNZB8,119
11/23/2018 00:54:25,10cd8b153994cb288e4f5eeb9fe9288eqaq,BEMEEZ6CKEEYGBZS,139
11/23/2018 00:54:30,10db87af061ab8e40244bf3bba04cffe,BEMEEZ6DCHGKSYHU,134
11/23/2018 00:54:35,10db87af061ab8e40244bf3bba04cffeqaq,BEMEEZ6HPTQAAG3S,149
11/23/2018 00:54:40,10df75ff8ee952131232584b1e2e6510,BDDEH93ZEEZY7CHM,146
11/23/2018 00:54:45,10df75ff8ee952131232584b1e2e6510qaq,BDSE7WQ37UVSX7SK,112
11/23/2018 00:54:50,10e27e65a4abd19cef5dfefcf68d0ace,BDSEGWT4WMZANBMH,131
11/23/2018 00:54:55,10e27e65a4abd19cef5dfefcf68d0aceqaq,BDSEJJ7CG69JGCBM,147
11/23/2018 00:55:00,10e48a8405eba0acc378295c9d3bb7f1,BDSEGQ32ZQVH7DP5,114
11/23/2018 00:55:05,10e48a8405eba0acc378295c9d3bb7f1qaq,BDSE8FTAQMBCVFUA,115
11/23/2018 00:55:10,10e4e78edc2524571926e117274da4a4,BDSEGJBR736FBGUE,114
11/23/2018 00:55:15,10e4e78edc2524571926e117274da4a4qaq,BDSEGUPHHMBNFHCG,118
11/23/2018 00:55:20,10ea0e5628896d5666b965846d4ac019,BDSEGZCDEDTVMJHY,110
11/23/2018 00:55:25,10ea0e5628896d5666b965846d4ac019qaq,BDSEGWT4FQHRSENN,146
11/23/2018 00:55:30,11190875f300adc785f46c3668d43087,BDSEGUPCQZVXEPAF,142
11/23/2018 00:55:35,11190875f300adc785f46c3668d43087qaq,BDSEGG8BKWBVMPZK,118
11/23/2018 00:55:40,11264052d903c30e63fbd9135a49f7e1,BDSEGZCETASFKSBF,116
11/23/2018 00:55:45,11264052d903c30e63fbd9135a49f7e1qaq,BDSEJJ7CEFDSZSDN,144
11/23/2018 00:55:50,1146bb3dbfcd12d6357dc8a577a76e2d,BDSEJTHGGZH3HSJF,110
11/23/2018 00:55:55,1146bb3dbfcd12d6357dc8a577a76e2dqaq,BDSEJSEZYPCYRTHS,110
11/23/2018 00:56:00,115227419a8c8275896f2aadcdba1d37,BDSEGZCDGH2PU6YZ,134
11/23/2018 00:56:05,115227419a8c8275896f2aadcdba1d37qaq,BDSEJJ7CDYYK8V8Y,118
11/23/2018 00:56:10,115a0da7b965f56f1564953518537792,BDSEGJBRDTHP5VMS,136
11/23/2018 00:56:15,115a0da7b965f56f1564953518537792qaq,BIBEGG7GZBKUAE8C,144
11/23/2018 00:56:20,115ecd52f86ebf7a5509d0959a2caaa0,BIBEJCBYSWXBFFJ9,115
11/23/2018 00:56:25,115ecd52f86ebf7a5509d0959a2caaa0qaq,BAKEHZBZFWYNKSA5,116
11/23/2018 00:56:30,116d1aaed716e1e8c1893c22f598645f,BHGEGTAVJ46HS4XW,137
11/23/2018 00:56:35,116d1aaed716e1e8c1893c22f598645fqaq,BHGEGTATDSHFENHT,138
11/23/2018 00:56:40,11723bf022afa13a2f733b4b4623276c,BHGEGTATYZ2VKAHF,112
11/23/2018 00:56:45,11723bf022afa13a2f733b4b4623276cqaq,BHGEGTAVV8YFRFGZ,111
11/23/2018 00:56:50,118b411bf265538461b084ce7abd55a8,BHGEGTAVHTQBGGWV,119
11/23/2018 00:56:55,118b411bf265538461b084ce7abd55a8qaq,BHGEGTATJCEZRGM2,148
11/23/2018 00:57:00,119ca4c0d8716a8079cf22e6cdc1c48e,BHGEGTATPZRZ8HHQ,142
11/23/2018 00:57:05,119ca4c0d8716a8079cf22e6cdc1c48eqaq,BHGEGTATAHA4HS8Z,131
11/23/2018 00:57:10,11b3199d63e4e49af33de221f2961159,BHGEGTAVSWG4ZTGH,117
11/23/2018 00:57:15,11b3199d63e4e49af33de221f2961159qaq,BLKEBEUNFFPSFKHE,147
11/23/2018 00:57:20,11c0099e325b67f908e75803bb6b9135,BPLEJTYFWFVFPH43,117
11/23/2018 00:57:25,11c0099e325b67f908e75803bb6b9135qaq,BKAEGFWSYQ49Y4BY,146
11/23/2018 00:57:30,11deed50a1a97b925f272017fc1dff01,BKAEGFWZ8SG6JUFG,112
11/23/2018 00:57:35,11deed50a1a97b925f272017fc1dff01qaq,BKAEGFWSYB7AXUJS,142
11/23/2018 00:57:40,11fc626143a4b5eedf50efaeb63c7cd9,BKAEGFWS3GZDNWRZ,111
11/23/2018 00:57:45,11fc626143a4b5eedf50efaeb63c7cd9qaq,BKAEGFWZGUHG2XHA,114
11/23/2018 00:57:50,12001ac42e9d5ee061c6874ae799c775,BKAEGFWN3FWKGYJG,120
11/23/2018 00:57:55,12001ac42e9d5ee061c6874ae799c775qaq,BKAEGFWZ2GQBFZYH,136
11/23/2018 00:58:00,1205c84decff43052a639e8935a19d5b,BKAEGFWZBRPSZKGG,118
11/23/2018 00:58:05,1205c84decff43052a639e8935a19d5bqaq,BKAEGFX2ZAQTSRMD,148
11/23/2018 00:58:10,1210846218066d607ddba0fc749bb05b,BKAEGFX22WD6ZKRK,110
11/23/2018 00:58:15,1210846218066d607ddba0fc749bb05bqaq,ACCEEH54FHWVHZHN,115
11/23/2018 00:58:20,124015d4451bfa546c1ba79e407db3ae,BMDEGVYDBZ7NHRZH,139
11/23/2018 00:58:25,124015d4451bfa546c1ba79e407db3aeqaq,BRHEDHHR6VXHSAKW,135
11/23/2018 00:58:30,1242e354d6a582bd9af77849cac82be4,BRHEDG33DZHYZGZG,110
11/23/2018 00:58:35,1242e354d6a582bd9af77849cac82be4qaq,BRHEDHHT2NQFVKPS,114
11/23/2018 00:58:40,1260ff39093479c109c9a53c12348a3f,BLAE5Q8ECEPHF2U2,114
11/23/2018 00:58:45,1260ff39093479c109c9a53c12348a3fqaq,BLAE359K7HPHP3YK,112
11/23/2018 00:58:50,1267e34b120cde4293237bee35975ff9,BLAE6DPHGJXV84EH,120
11/23/2018 00:58:55,1267e34b120cde4293237bee35975ff9qaq,BLAE9CST6HZXH4G3,110
11/23/2018 00:59:00,126a990f60d11f4b6e9fef3b9a07bd71,BLAEE6KT79ZYZ4GN,117
11/23/2018 00:59:05,126a990f60d11f4b6e9fef3b9a07bd71qaq,BLAE8M4XVCTFD4JT,132
11/23/2018 00:59:10,126d99e88257445b088146b007050b32,BLAEAWABXYYHK4Y2,117
11/23/2018 00:59:15,126d99e88257445b088146b007050b32qaq,BLAEE3XF4RUA4UAD,134
11/23/2018 00:59:20,126e1e7acbaeb19bffd2cc0770a70d6c,BLAEAWAAMHQGV5BU,117
11/23/2018 00:59:25,126e1e7acbaeb19bffd2cc0770a70d6cqaq,BLAEEJGJWZJFAFXF,149
11/23/2018 00:59:30,1273326beeaa44c571cf63483a151cc4,BLAEEHE5PXHBZ5MB,114
11/23/2018 00:59:35,1273326beeaa44c571cf63483a151cc4qaq,BLAECYJBSHFYG5VR,119
11/23/2018 00:59:40,127ac7352766ad2084a62fb657b471d1,BLAEAWAAAQEUY6SW,118
11/23/2018 00:59:45,127ac7352766ad2084a62fb657b471d1qaq,BLAEFNHBFWEXG6YM,136
11/23/2018 00:59:50,12893cbeea2a249571efe1be1abf2d5b,BLAEEERTHSQRH7ZB,120
11/23/2018 00:59:55,12893cbeea2a249571efe1be1abf2d5bqaq,BLAEAWAAHNSCV8FR,115
11/23/2018 01:00:00,1296149ed4dc726df759d7ac7243a40e,BLAEE3YXZGWWT8UD,136
11/23/2018 01:00:04,1296149ed4dc726df759d7ac7243a40eqaq,BLAEAWAARSZGS9KF,117
11/23/2018 01:00:08,129ddf957a07fe6482fb89c3a384ab01,BLAEB3XA7UAXN9TH,113
11/23/2018 01:00:12,129ddf957a07fe6482fb89c3a384ab01qaq,BLAEEDXCWA9RWAF8,131
11/23/2018 01:00:16,12a4654cd5c9d3daff9867b324aefe3d,BLAEDAN7HXG3CAHD,132
11/23/2018 01:00:20,12a4654cd5c9d3daff9867b324aefe3dqaq,BLAE8YHUYQG5JBBF,112
11/23/2018 01:00:24,12bbe7d56528c3b8d8623166d49f753c,BLAECUHKDRQZWGXF,117
11/23/2018 01:00:28,12bbe7d56528c3b8d8623166d49f753cqaq,BLAEDQ27FMZMQCDS,148
11/23/2018 01:00:32,12bcf16e2a5924567d3bc83cc7a4f937,BLAEFHQ3HZPRCD8Z,113
11/23/2018 01:00:36,12bcf16e2a5924567d3bc83cc7a4f937qaq,BLAEAWABCFQT7D93,136
11/23/2018 01:00:40,12c97e74300f090afefba994e86aff74,BLAECPWZZZVPSDFH,119
11/23/2018 01:00:44,12c97e74300f090afefba994e86aff74qaq,BLAEE6KTUAEBTDKS,114
11/23/2018 01:00:48,12cbe37a080ab0e02c919d7cb52ff826,BLAEAWAAY4BKZDS3,146
11/23/2018 01:00:52,12cbe37a080ab0e02c919d7cb52ff826qaq,BLAE5CFRWHH7UDVD,150
11/23/2018 01:00:56,12f92790c7c733680c76f34dac2669b3,BLAEY7MBHU9EGAZA,138
11/23/2018 01:01:00,12f92790c7c733680c76f34dac2669b3qaq,BLAE2HWCGMSQV2F5,111
11/23/2018 01:01:04,12f98082244a23e649a46adce394db55,BLAEAWAAZBKZZEDV,120
11/23/2018 01:01:08,12f98082244a23e649a46adce394db55qaq,BLAEFDUMVMFZJGAX,139
11/23/2018 01:01:12,13087543e362e7cf662389494c516740,BLAEAWAAVZYX3EM6,135
11/23/2018 01:01:16,13087543e362e7cf662389494c516740qaq,BLAEEJFZFMURAGMK,114
11/23/2018 01:01:20,130e9fdb8bb78a97af2b8a1e152a827a,BLAE5KYSAZ6QNEXV,145
11/23/2018 01:01:24,130e9fdb8bb78a97af2b8a1e152a827aqaq,BLAE3WR6ZQFCHFYE,139
11/23/2018 01:01:28,1312593d812dfe90a819696d6030ab36,BLAEE2PMGWCZFFGG,115
11/23/2018 01:01:32,1312593d812dfe90a819696d6030ab36qaq,BLAEEDGBCYYWZFHK,120
11/23/2018 01:01:36,1317b2cc77a81ecc9c6f6ea31f4420ae,BLAEEGTHFYHFFFUG,132
11/23/2018 01:01:40,1317b2cc77a81ecc9c6f6ea31f4420aeqaq,BLAEEDGBQZFXHG5W,119
11/23/2018 01:01:44,131f6caec06cab326428639fe958aebc,BLAE7GBFT9BKPG6P,139
11/23/2018 01:01:48,131f6caec06cab326428639fe958aebcqaq,BLAEEDEGTSA4GC8C,113
11/23/2018 01:01:52,1336909e5468b63c9b1281350eba647d,BLAE8YHUM9YKCGT6,120
11/23/2018 01:01:56,1336909e5468b63c9b1281350eba647dqaq,BLAEB3XACYHKJGTZ,117
11/23/2018 01:02:00,13589c9ef206e1740e522637f8702960,BLAE9CSTCCH7GHCY,118
11/23/2018 01:02:04,13589c9ef206e1740e522637f8702960qaq,BLAEE7VSZ9YV7HG9,111
11/23/2018 01:02:08,136454e94f8b20fd332f510601919c2c,BLAE8B5GCSTMHHH6,137
11/23/2018 01:02:12,136454e94f8b20fd332f510601919c2cqaq,BLAEE2GJYAAQRHK8,134
11/23/2018 01:02:16,1364b6fe1d2cf4e8f849c35e428e35c3,BLAE8BUKXGJ3DHMG,111
11/23/2018 01:02:20,1364b6fe1d2cf4e8f849c35e428e35c3qaq,BLAE93GX8VTDTHNN,138
11/23/2018 01:02:24,13732b6a89797b97a2fe0ccd2a1ca971,BLAE3WR6GYNKR5DU,133
11/23/2018 01:02:28,13732b6a89797b97a2fe0ccd2a1ca971qaq,BLAEAWAB7GWRVHUG,142
11/23/2018 01:02:32,1381d9474009d72ffe5038596fdc4db6,BLAEE6KSVJGTYQTN,118
11/23/2018 01:02:36,1381d9474009d72ffe5038596fdc4db6qaq,BLAE7AYFVKKWYJAJ,138
11/23/2018 01:02:40,1386b61113d0b044f209d56d677b3ca5,BLAEAWAB6GVKTJGW,146
11/23/2018 01:02:44,1386b61113d0b044f209d56d677b3ca5qaq,BLAEE2GJ8AEFWJZ9,118
11/23/2018 01:02:48,138988cc9fa5f1413dbab8d364580bd0,BLAECYN7AEZQHJZG,131
11/23/2018 01:02:52,138988cc9fa5f1413dbab8d364580bd0qaq,BLAE4H9UWEUNZKN8,119
11/23/2018 01:02:56,138aa9ee938eb829adff751aa78bcb63,BLAE39ZZYDGFHKUH,114
11/23/2018 01:03:00,138aa9ee938eb829adff751aa78bcb63qaq,BLAEB3XANVZX7KXN,117
11/23/2018 01:03:04,139ab69f8f1df70f749f08ce34621a0e,BLAEAWAA2ZEZWKYU,118
11/23/2018 01:03:08,139ab69f8f1df70f749f08ce34621a0eqaq,BLAEAWAAYNB3BKZV,130
11/23/2018 01:03:12,139b48d6c69d88ad96f3f6c18062c802,BLAEEJFZS37KVCDC,133
11/23/2018 01:03:16,139b48d6c69d88ad96f3f6c18062c802qaq,BLAEBZRJ3PFRVMRE,117
11/23/2018 01:03:20,13b4ec1ea32083d85aefbdd30eb54b34,BLAEE3GCCPCVAMVJ,111
11/23/2018 01:03:24,13b4ec1ea32083d85aefbdd30eb54b34qaq,BLAEEDGBFPG3ZMYG,147
11/23/2018 01:03:28,13c01d8e4e7f977248cf76a870bece21,BLAEY6CMPWHHNMZQ,113
11/23/2018 01:03:32,13c01d8e4e7f977248cf76a870bece21qaq,BLAEB3XAJTYHENHP,111
11/23/2018 01:03:36,13e87640d2786d5a4eab954c14f8893e,BLAE3WR6AGC8ZW48,116
11/23/2018 01:03:40,13e87640d2786d5a4eab954c14f8893eqaq,BLAE8BUK6BZGCR7P,146
11/23/2018 01:03:44,14046eb244bfbf8d33934b8ff4044f64,BLAEE2GNSTEYGRFF,119
11/23/2018 01:03:48,14046eb244bfbf8d33934b8ff4044f64qaq,BLAEGZRHWMV7RRFW,110
11/23/2018 01:03:52,140de2fcfe41caad3846e87bf5813627,BLAEE4WSG8CYBRVY,119
11/23/2018 01:03:56,140de2fcfe41caad3846e87bf5813627qaq,BLAE9CSUFAPQ8S3F,118
11/23/2018 01:04:00,14245135710e3de4aa72b6782b4ff1e9,BLAEE4H7MZAJGS5H,139
11/23/2018 01:04:04,14245135710e3de4aa72b6782b4ff1e9qaq,BLAE8BUKZ9SMGSDW,118
11/23/2018 01:04:08,1436455dca6cb90fbfbe2952c11a9b88,BLAEE3YX3WETHSZD,115
11/23/2018 01:04:12,1436455dca6cb90fbfbe2952c11a9b88qaq,BLAEEABZURNYJTGC,114
11/23/2018 01:04:16,14380bc4edf2c2f087834163470fe3cd,BLAEAWABPWE6CUJP,142
11/23/2018 01:04:20,14380bc4edf2c2f087834163470fe3cdqaq,BLAEEHE3HHS8AURG,119
11/23/2018 01:04:24,143e2dc4ab728e3af5bcbfde3e8f19d5,BLAEARKNZBBTPUYZ,133
11/23/2018 01:04:28,143e2dc4ab728e3af5bcbfde3e8f19d5qaq,BLAEB3XAHTXNWVSC,120
11/23/2018 01:04:32,14413037382c190fdcd517dbb5ef544c,BLAEAWAAVZBFWVSM,111
11/23/2018 01:04:36,14413037382c190fdcd517dbb5ef544cqaq,BLAEEDMURAWADW54,130
11/23/2018 01:04:40,145f311f275cd757c4ca740dde2f5c12,BLAEEDEGGXT28W9J,120
11/23/2018 01:04:44,145f311f275cd757c4ca740dde2f5c12qaq,BLAE8YHU6APGPWDC,139
11/23/2018 01:04:48,1460ecce72b7db07fa0e04dfc63a32db,BLAEAWABFJH4YWE3,141
11/23/2018 01:04:52,1460ecce72b7db07fa0e04dfc63a32dbqaq,BLAEAWABJY2DNWHJ,110
11/23/2018 01:04:56,1466db115959d741eb09777fd0a342f5,BLAEAWAAKYGNVWPC,118
11/23/2018 01:05:00,1466db115959d741eb09777fd0a342f5qaq,BLAEDZTE88SQUWWH,110
11/23/2018 01:05:04,14813940450763cff396bd6c1b1b0c80,BLAEFNYCRGTHXXEX,118
11/23/2018 01:05:08,14813940450763cff396bd6c1b1b0c80qaq,BLAEBRA57ZTZZXWK,130
11/23/2018 01:05:12,14815236300db5a83210621769fd3edc,BLAEE6KTKJGZBXXZ,115
11/23/2018 01:05:16,14815236300db5a83210621769fd3edcqaq,BLAEEDEGTYBGFNG7,149
11/23/2018 01:05:20,148915880d7c4496c017088f7786727d,BLAEEDEGG37HXGP9,112
11/23/2018 01:05:24,148915880d7c4496c017088f7786727dqaq,BLAEDQ27DDURHY8C,114
11/23/2018 01:05:28,14a87e000ccab57789732cb09b6f07ad,BLAEE2GJATTR8YG5,117
11/23/2018 01:05:32,14a87e000ccab57789732cb09b6f07adqaq,BLAEEDXCF6YKZYGC,149
11/23/2018 01:05:36,14b6f45ba93bb0faa74c153c040706ef,BLAEE3YZ4ZGKEWYS,114
11/23/2018 01:05:40,14b6f45ba93bb0faa74c153c040706efqaq,BLAE3WR6FA7FPRKQ,116
11/23/2018 01:05:44,14bc693d9b86c58696e5917045e9d4de,BLAEEERTXBGBWYS8,113
11/23/2018 01:05:48,14bc693d9b86c58696e5917045e9d4deqaq,BLAEEDSGY6APNYWQ,111
11/23/2018 01:05:52,14c3b36f7e0699805999e7ec7bf2445d,BLAE8YHUJYHGJYZE,119
11/23/2018 01:05:56,14c3b36f7e0699805999e7ec7bf2445dqaq,BLAE6DPHFYECGZ68,113
11/23/2018 01:06:00,14c416a70b1a1317cbf92c94dfafaa26,BLAEAWAA2BHQUZRG,137
11/23/2018 01:06:04,14c416a70b1a1317cbf92c94dfafaa26qaq,BLAEEJFZ5KA42ZS3,116
11/23/2018 01:06:08,14c5121f30220ada50f755acb9afd232,BLAEAWAARHRG2ZVD,110
11/23/2018 01:06:12,14c5121f30220ada50f755acb9afd232qaq,BLAEAWAA6MRTRZZJ,120
11/23/2018 01:06:16,14cc2e8cf9bfe3c9367c851de5646e64,BZREJH9PC4Z7RGUS,113
11/23/2018 01:06:20,14cc2e8cf9bfe3c9367c851de5646e64qaq,BZREBXM8DYBHURWH,113
11/23/2018 01:06:24,14db3644a939e64e443af8ea4f2aaafd,BZREHKGY7CD5QEFT,119
11/23/2018 01:06:28,14db3644a939e64e443af8ea4f2aaafdqaq,BZREHJ6ZZPZFDJQZ,136
11/23/2018 01:06:32,14ecc713d41185b7a0c38b794e4465dd,BZREHKG23PKHXCNC,112
11/23/2018 01:06:36,14ecc713d41185b7a0c38b794e4465ddqaq,BZREHKZPBJTCY5MR,115
11/23/2018 01:06:40,14f7fa2b88535e85e6e449c95cb7b4ba,BZREBXM8H66HR9CX,116
11/23/2018 01:06:44,14f7fa2b88535e85e6e449c95cb7b4baqaq,BZREBXM8BFP6HZVP,148
11/23/2018 01:06:48,14fb686d843bbba0d450b8230d09ee5c,BZREGSQYTHUFXVJE,119
11/23/2018 01:06:52,14fb686d843bbba0d450b8230d09ee5cqaq,BZREGSZF5GHPUSG9,141
11/23/2018 01:06:56,150252c2d4b59008ce29e635f09a1d1a,BZREHJ6Z8WJQHFPX,110
11/23/2018 01:07:00,150252c2d4b59008ce29e635f09a1d1aqaq,BZREHBHZHBEHZZEY,114
11/23/2018 01:07:04,1504a5fb5c8b0371f7f6b2ed9e53cbb1,BZREHJ6ZVHUBEKEU,141
11/23/2018 01:07:08,1504a5fb5c8b0371f7f6b2ed9e53cbb1qaq,BZREHKZPGCZNTHAT,111
11/23/2018 01:07:12,150e908b8b0172eb9b4860173955f1c3,BZREGXNGANDWYZKU,139
11/23/2018 01:07:16,150e908b8b0172eb9b4860173955f1c3qaq,BLREFZGP3QCZZZTG,135
11/23/2018 01:07:20,151ed7ee0b196c992897ad3e64bc9be8,BLREGAC4CH2CSEFP,115
11/23/2018 01:07:24,151ed7ee0b196c992897ad3e64bc9be8qaq,BLREDZCAQN5FRGTF,113
11/23/2018 01:07:28,15434d981e40e88a4d93941301941ace,BLOEJFYB3DFGTY7Z,114
11/23/2018 01:07:32,15434d981e40e88a4d93941301941aceqaq,BLOEGYWFQRFHPXGE,117
11/23/2018 01:07:36,154968876a45c0e99d35b5d57290d0b3,BLOEJFFYH62ZDGFG,146
11/23/2018 01:07:40,154968876a45c0e99d35b5d57290d0b3qaq,BLOEJFFYAA84WZAE,115
11/23/2018 01:07:44,154f48d0124c2b05c845c05f3dabbf5d,BLUEJQRHM9VA48GF,137
11/23/2018 01:07:48,154f48d0124c2b05c845c05f3dabbf5dqaq,BLUEGT8ZHVXSYAFP,136
11/23/2018 01:07:52,154fcab5a116b48ae3b26cf8d923460a,BLUEGT8Z5ZGGHGQB,118
11/23/2018 01:07:56,154fcab5a116b48ae3b26cf8d923460aqaq,BDGEGEGCZ5ZDXBX9,147
11/23/2018 01:08:00,15513b40d845452af800cd1c41799e70,BDGEGEGD6EFK9CRM,119
11/23/2018 01:08:04,15513b40d845452af800cd1c41799e70qaq,BFAEYCBMXNQQJ89Y,111
11/23/2018 01:08:08,155995f4961aac095588f44e1b207887,BFAD3ZJYYCXDAVGH,114
11/23/2018 01:08:12,155995f4961aac095588f44e1b207887qaq,BWSEH2A8VURG7SVT,135
11/23/2018 01:08:16,1560158a84b9d6de40747163bd6d71ce,BWSEH2A8Q67YCUZP,150
11/23/2018 01:08:20,1560158a84b9d6de40747163bd6d71ceqaq,BOLEDTCXKEZP9MVG,145
11/23/2018 01:08:24,159b45e4dede207f28319bf1cacee3bc,BOLEE6ZGSCXFKTQY,114
11/23/2018 01:08:28,159b45e4dede207f28319bf1cacee3bcqaq,BOLEGGXHGEZKRPGT,113
11/23/2018 01:08:32,15a8549e812d3708d3e2ec1c5f38737f,BOLEERVFVNYNWTGF,138
11/23/2018 01:08:36,15a8549e812d3708d3e2ec1c5f38737fqaq,BOLEGFY8YSH25ZWZ,110
11/23/2018 01:08:40,15ae443c29729603b6c0809ec089d829,BNGEB467ZXZZ4HWS,111
11/23/2018 01:08:44,15ae443c29729603b6c0809ec089d829qaq,BTOEGZCTTDY587N5,115
11/23/2018 01:08:48,15af33faa65ed8be7ac2df3694639dc4,BOREGTAJM5ZDNBFU,116
11/23/2018 01:08:52,15af33faa65ed8be7ac2df3694639dc4qaq,BOTEANCHSXYX32RJ,113
11/23/2018 01:08:56,15cd81513edb21dc8773da1626c9eb0b,BOTEANCHNVJBQ9ME,116
11/23/2018 01:09:00,15cd81513edb21dc8773da1626c9eb0bqaq,BOTEANCHFY7TGFKX,118
11/23/2018 01:09:04,15f07df4ba581a30df19f4a80725af16,BOTEANCHTFMQHFTY,115
11/23/2018 01:09:08,15f07df4ba581a30df19f4a80725af16qaq,BOTEANCHR3YGCGFP,117
11/23/2018 01:09:12,15f45d08050e8ba24a14804cba000589,WBTDMEZTUWBPD5DM,118
11/23/2018 01:09:16,15f45d08050e8ba24a14804cba000589qaq,BOTEANCH2W95YGWQ,148
11/23/2018 01:09:20,1608aac3bcfd00e70bff4e0ad3de20ab,BOTEANCHDYHQHHBT,110
11/23/2018 01:09:24,1608aac3bcfd00e70bff4e0ad3de20abqaq,BOTEGYTZ2T6WUJMM,115
11/23/2018 01:09:28,16230c511d82af7d74727e41dd99a0b4,BOTEJT4QNFFAEKAG,132
11/23/2018 01:09:32,16230c511d82af7d74727e41dd99a0b4qaq,BOTEANCHJFBASRUX,113
11/23/2018 01:09:36,162c74e769ea06a7de5132551a7133f4,BOTEANCHAHNWUXKM,111
11/23/2018 01:09:40,162c74e769ea06a7de5132551a7133f4qaq,BOTEHDHNKZ9V6XMF,114
11/23/2018 01:09:44,1634edb6c20a197c38f7ec8991ceb6d3,BOTEGZWGRM6MPZZD,131
11/23/2018 01:09:48,1634edb6c20a197c38f7ec8991ceb6d3qaq,BWLEG47FHHGVJZZZ,110
11/23/2018 01:09:52,16402eec654f0ac5c0f727d457d28c25,BXREFP5MUQBJU2DE,147
11/23/2018 01:09:56,16402eec654f0ac5c0f727d457d28c25qaq,BXRDZMHE4JPGHNN3,130
11/23/2018 01:10:00,164ccc6e2481c5254d875f18b9c3bc46,BXREAYZYHTRA7PYW,136
11/23/2018 01:10:04,164ccc6e2481c5254d875f18b9c3bc46qaq,BXREGCWNHEBNY4HA,148
11/23/2018 01:10:08,165a3da025a7bbd4a1f0ff222fdd1f73,BXREDW5MYFYVB53R,133
11/23/2018 01:10:12,165a3da025a7bbd4a1f0ff222fdd1f73qaq,BXREGYMPWEUAXF3C,117
11/23/2018 01:10:16,1662612ac8e140ee44926eb2dce39784,BXRE7YHJVCUKHKF7,114
11/23/2018 01:10:20,1662612ac8e140ee44926eb2dce39784qaq,BXREDW5MZKQCAHX5,132
11/23/2018 01:10:24,166bfdc9016f76c796b5e695a26f49c2,BXREDW5MM7JFUMX2,112
11/23/2018 01:10:28,166bfdc9016f76c796b5e695a26f49c2qaq,BXRE798Y96MZMP97,130
11/23/2018 01:10:32,167cdb193788830837bb724d2ed8df70,BXREAZG5AHWJBSED,120
11/23/2018 01:10:36,167cdb193788830837bb724d2ed8df70qaq,BXREDW5MRKSWFNGR,134
11/23/2018 01:10:40,16883336eee0606dcaf1a7619365e039,BXRE7V7CYZGZA5JU,120
11/23/2018 01:10:44,16883336eee0606dcaf1a7619365e039qaq,BXREDW5M5GKKJKHR,135
11/23/2018 01:10:48,16923208ac81950896a3d5fc27ed0617,BXREJYMSM2HRZYVR,135
11/23/2018 01:10:52,16923208ac81950896a3d5fc27ed0617qaq,BRAE6GEHJSUGE3FN,111
11/23/2018 01:10:56,169902631b89202f0e2079e9cc09b3c7,BRAE7FNDZG77GEZH,113
11/23/2018 01:11:00,169902631b89202f0e2079e9cc09b3c7qaq,BRAEAJXR6YE8AZDN,111
11/23/2018 01:11:04,16ffd89bebe67f1eeac3a2d9e2873c50,BRAECFHWXY3FYUYW,118
11/23/2018 01:11:08,16ffd89bebe67f1eeac3a2d9e2873c50qaq,BRAECZZTSHGQZXDB,146
11/23/2018 01:11:12,16fff751af72fdd5482538d7448348cd,BRAECGQ4GW73HJFV,133
11/23/2018 01:11:16,16fff751af72fdd5482538d7448348cdqaq,BRAECKHYDVMUMAKF,148
11/23/2018 01:11:20,1707ff6314d011fe01a175ea09edd56b,BRAE9RDQHWKAKP3V,141
11/23/2018 01:11:24,1707ff6314d011fe01a175ea09edd56bqaq,BRAEE6KRMT9BD2RK,112
11/23/2018 01:11:28,17087d2ddd19e19929c2ef485dd8c8e7,BRAEDNX2TYZYQQZ2,116
11/23/2018 01:11:32,17087d2ddd19e19929c2ef485dd8c8e7qaq,BRAE5F3KK3YG52UR,110
11/23/2018 01:11:36,171a732da86c741d3a7be3d87f0006f3,BRAE5PKZHJF5SVEK,130
11/23/2018 01:11:40,171a732da86c741d3a7be3d87f0006f3qaq,BRAECU9BZKE6THSU,119
11/23/2018 01:11:44,172b4369681a3df14446fd89059c837b,BRAEAW9HT2EUZD3X,149
11/23/2018 01:11:48,172b4369681a3df14446fd89059c837bqaq,BRAEBXRBYHBYZ3NK,134
11/23/2018 01:11:52,172cd7df1fbc29fc673934d57d691b61,BRAEB2ZTZ4WCHZJ4,139
11/23/2018 01:11:56,172cd7df1fbc29fc673934d57d691b61qaq,BRAE5VAWWRZGG3Z9,110
11/23/2018 01:12:00,172fed51019b9aea3276822e5b9498a9,BRAEBHDVJYAKK44M,110
11/23/2018 01:12:04,172fed51019b9aea3276822e5b9498a9qaq,BRAE4S2FYF4RN49J,111
11/23/2018 01:12:08,174096ed7f5b05d43886155061700451,BRAE2M4Q4QTNHTWF,118
11/23/2018 01:12:12,174096ed7f5b05d43886155061700451qaq,BRAE3WVQFNXCNJFS,133
11/23/2018 01:12:16,174350cadbbc9d170b630ae952cf5657,BRAE3WVQPYSZ54FF,113
11/23/2018 01:12:20,174350cadbbc9d170b630ae952cf5657qaq,BRAE8UXYFFJTYDJ3,141
11/23/2018 01:12:24,1744fd76a7d602e766b6c8e4d7e085c9,BRAEFR6JFJY6HBWB,137
11/23/2018 01:12:28,1744fd76a7d602e766b6c8e4d7e085c9qaq,BRAE3TSHYGDRV2UC,149
11/23/2018 01:12:32,1749fa49438bcfdeef3cc27bf3046060,BRAEBBYRZ5P654US,113
11/23/2018 01:12:36,1749fa49438bcfdeef3cc27bf3046060qaq,BRAEDZ9GVZHWZ5BG,118
11/23/2018 01:12:40,174b3c33eb403a8bd766392baa35ed56,BRAEBCY3V4ZR8UUU,147
11/23/2018 01:12:44,174b3c33eb403a8bd766392baa35ed56qaq,BRAECTFYXYAYHWBA,140
11/23/2018 01:12:48,175821c781cc4afeddaeec26e6b98e6a,BRAEDQFRZ7UQU92F,119
11/23/2018 01:12:52,175821c781cc4afeddaeec26e6b98e6aqaq,BRAEAW9JPBZUGWHH,118
11/23/2018 01:12:56,17582ae953860b5320683768b8e97d3a,BRAEGJFXW54GVEFH,132
11/23/2018 01:13:00,17582ae953860b5320683768b8e97d3aqaq,BRAE9Z5TFXB7466Z,140
11/23/2018 01:13:04,175bd488a67e4c64b442b591e94e26cf,BRAE8WPSG4FMHFXF,115
11/23/2018 01:13:08,175bd488a67e4c64b442b591e94e26cfqaq,BRAEGHEFYQQAWYKJ,141
11/23/2018 01:13:12,17611e6e94d73ef376834e5c6ee03dde,BRAEA5MZ4C3JY6KE,119
11/23/2018 01:13:16,17611e6e94d73ef376834e5c6ee03ddeqaq,BRAE5F3KGW3JVKJH,131
11/23/2018 01:13:20,17623fb4f6012ee7a30a5e47304edeb5,BRAEDQEECHRPH6RJ,120
11/23/2018 01:13:24,17623fb4f6012ee7a30a5e47304edeb5qaq,BRAEFR6JQN598YXG,130
11/23/2018 01:13:28,17868b78a82a70b778396f720cd1469f,BRAEBBMQQ37GW3CZ,120
11/23/2018 01:13:32,17868b78a82a70b778396f720cd1469fqaq,BRAEGJFXVYH38FPM,116
11/23/2018 01:13:36,178d4637b282cb6476206b1a903925f9,BRAE93YWVTRVXEZC,139
11/23/2018 01:13:40,178d4637b282cb6476206b1a903925f9qaq,BRAEDTGQMXYVF7NB,145
11/23/2018 01:13:44,17a73d7c4b02ada2bfeed1115fed08a4,BRAE3TSHW492YGSS,134
11/23/2018 01:13:48,17a73d7c4b02ada2bfeed1115fed08a4qaq,BRAE3ZDEXD5ZC83N,132
11/23/2018 01:13:52,17ac430959b776fa499cca1a9acf2879,BRAEGJFXYJXQYESX,120
11/23/2018 01:13:56,17ac430959b776fa499cca1a9acf2879qaq,BRAE74BRVJGNHFYY,140
11/23/2018 01:14:00,17b0f48e02855df1b96b04443974504e,BRAE8WYHYFUPDTF6,111
11/23/2018 01:14:04,17b0f48e02855df1b96b04443974504eqaq,BRAEB9SJUP6T68FB,142
11/23/2018 01:14:08,17bf497cd0be2dd1b08f715b2dcf6b49,BRAEBXRBYHGJJ8KT,137
11/23/2018 01:14:12,17bf497cd0be2dd1b08f715b2dcf6b49qaq,BRAE2NF6S2ZYBQWQ,131
11/23/2018 01:14:16,17c33dbf0a49c115f504a6e426cb26a4,BRAEBQGTYXHBRU9E,132
11/23/2018 01:14:20,17c33dbf0a49c115f504a6e426cb26a4qaq,BRAE7Y46NQNWP8PG,119
11/23/2018 01:14:24,17c6eb27e7efdc1f95e0dcb0053cbbd1,BRAEHAAZSQWRPHBN,138
11/23/2018 01:14:28,17c6eb27e7efdc1f95e0dcb0053cbbd1qaq,BRAE3RFCXFYJQ9B2,113
11/23/2018 01:14:32,17cb7e19a422ee4291799f937572a25c,BRAE7KQVYF75XZRE,140
11/23/2018 01:14:36,17cb7e19a422ee4291799f937572a25cqaq,BRAECTFYNT95TVUG,131
11/23/2018 01:14:40,17d6fc0961ebcd292903d5c9f67a1b2f,BRAE6Z79SBPKJ8GS,110
11/23/2018 01:14:44,17d6fc0961ebcd292903d5c9f67a1b2fqaq,BRAEYPGFHHPDR7HG,112
11/23/2018 01:14:48,17db2b2684ffb979b7ab715c4e9d28bf,BRAECFARXU3A3TNK,136
11/23/2018 01:14:52,17db2b2684ffb979b7ab715c4e9d28bfqaq,BRAECKHZWAGBVZXH,118
11/23/2018 01:14:56,17dff26fcf7a39282dc98a265b526717,BRAEB9SJMFKF39ZW,117
11/23/2018 01:15:00,17dff26fcf7a39282dc98a265b526717qaq,BRAEDH6PP3XMBGB3,146
11/23/2018 01:15:04,17e533790676f024506ad96d45c9b159,BRAE3Y4ZZZJHJVHV,118
11/23/2018 01:15:08,17e533790676f024506ad96d45c9b159qaq,BRAEGJFXJR4GPU2C,110
11/23/2018 01:15:12,17ea5663e402598c6415ff29e8a89f36,BRAEDTNZZN4ER8JN,115
11/23/2018 01:15:16,17ea5663e402598c6415ff29e8a89f36qaq,BRAEBGGV3NPZHAGQ,116
11/23/2018 01:15:20,17f07fc4efa62af506655721b7cfe47a,BRAEE4H4ZFDXCBYG,114
11/23/2018 01:15:24,17f07fc4efa62af506655721b7cfe47aqaq,BRAEBD44CXFHNAHF,119
11/23/2018 01:15:28,17fd69159dd655f9475e4d9fecb54571,BRAEBCY3JXSJFNZH,112
11/23/2018 01:15:32,17fd69159dd655f9475e4d9fecb54571qaq,BRAEAR7WUVRVUAHY,136
11/23/2018 01:15:36,17fda107f1dd940f575d451ce7573ce4,BRAE5F3KGVA8WAJH,116
11/23/2018 01:15:40,17fda107f1dd940f575d451ce7573ce4qaq,BRAEDQFRZAAEWCDT,116
11/23/2018 01:15:44,18168baea0521754dbee8217d6451989,BRAEDSKCGHHJTHB3,117
11/23/2018 01:15:48,18168baea0521754dbee8217d6451989qaq,BRAE3P8YJEQSSANK,132
11/23/2018 01:15:52,18258fe5d0b1bb850cd477e784c11956,BRAEAZE23UATU5MQ,118
11/23/2018 01:15:56,18258fe5d0b1bb850cd477e784c11956qaq,BRAE8RSADX6YHAQT,119
11/23/2018 01:16:00,184e5bf71bd6179fd3bb437731135160,BRAEDFYYZUQJBTEH,110
11/23/2018 01:16:04,184e5bf71bd6179fd3bb437731135160qaq,BRAEGJFXYZ5H8DJC,135
11/23/2018 01:16:08,18527589492725295dcf9a9289a0c663,BRAE6AV3FZNGNTXH,117
11/23/2018 01:16:12,18527589492725295dcf9a9289a0c663qaq,BRAE6AV3PYGAVCYZ,119
11/23/2018 01:16:16,1853b3073179cf31b8fe8dff7ec080d0,BRAEBBMQYEW8WQHW,113
11/23/2018 01:16:20,1853b3073179cf31b8fe8dff7ec080d0qaq,BRAE3TSHZ6KZBBZH,143
11/23/2018 01:16:24,1867062e1f1baeee1e4c86a17321ad7a,BRAECKHYYXBSHAYX,110
11/23/2018 01:16:28,1867062e1f1baeee1e4c86a17321ad7aqaq,BRAE3P8Y9JUGVAYY,145
11/23/2018 01:16:32,1868ad6ca8a26290d8be0fa4d29d922a,BRAE5VAWGFY3SGKJ,114
11/23/2018 01:16:36,1868ad6ca8a26290d8be0fa4d29d922aqaq,BRAE9TBZECJFUSBF,115
11/23/2018 01:16:40,186d40c6852da91166c7eb7856603c51,BRAEBCY3MM4KMB3Q,118
11/23/2018 01:16:44,186d40c6852da91166c7eb7856603c51qaq,BRAEY6JXWCMQ7B5H,118
11/23/2018 01:16:48,186fccc79ff27f63870486e70061683c,BRAEDQFRTQFYPJ2Y,117
11/23/2018 01:16:52,186fccc79ff27f63870486e70061683cqaq,BRAE6NZAQBHWZNMT,120
11/23/2018 01:16:56,187f7327ef2fcc5ae4d236a37b53aca7,BRAE6KWFGZFXKPPB,120
11/23/2018 01:17:00,187f7327ef2fcc5ae4d236a37b53aca7qaq,BRAEBBYRUYDHCZNG,112
11/23/2018 01:17:04,188c99acdcb5b62052f0aa4cbbf6bda7,BRAEAW9HUCVYHBHE,112
11/23/2018 01:17:08,188c99acdcb5b62052f0aa4cbbf6bda7qaq,BRAED7QUJVM6HEEZ,147
11/23/2018 01:17:12,18c04a1301ebd78726500afdf8e8f1db,BRAE3WVQZZUJA4JW,139
11/23/2018 01:17:16,18c04a1301ebd78726500afdf8e8f1dbqaq,BRAEBBW6YY7GK4J2,145
11/23/2018 01:17:20,18d130bda8e294f55bf038581b931e08,BRAEHD9FNNJHVHQG,110
11/23/2018 01:17:24,18d130bda8e294f55bf038581b931e08qaq,BRAEBUGYUB8GWBSF,135
11/23/2018 01:17:28,18d2a5dcf901a6c13547784f88c0ffa5,BRAE3TSHRTGMZA44,133
11/23/2018 01:17:32,18d2a5dcf901a6c13547784f88c0ffa5qaq,BRAECTFYRN4C9FU5,115
11/23/2018 01:17:36,18e00aae5dec5009ec98e0a1e164de78,BRAEAR7WZPQGPBZU,137
11/23/2018 01:17:40,18e00aae5dec5009ec98e0a1e164de78qaq,BRAE4A6VTDX9SC2C,119
11/23/2018 01:17:44,193cb091d8005e4988ed106c9619d61b,BRAEEF3QAMJAPC3Z,134
11/23/2018 01:17:48,193cb091d8005e4988ed106c9619d61bqaq,BRAEE6YMKGHQ4C4K,110
11/23/2018 01:17:52,1954ef1d8249262909b3d138808156bf,BRAEBBMQY9VZRC7G,137
11/23/2018 01:17:56,1954ef1d8249262909b3d138808156bfqaq,BRAEDAGAZ52EHAFB,110
11/23/2018 01:18:00,1969ba9bd686fb9f477e7841dc48ae18,BRAE7SQFZPFFQGBZ,112
11/23/2018 01:18:04,1969ba9bd686fb9f477e7841dc48ae18qaq,BRAEGJFX7PSVECHP,119
11/23/2018 01:18:08,19759ce077b77705e03479f3d3b7eb2c,BRAE2XHUYWB7JYPR,143
11/23/2018 01:18:12,19759ce077b77705e03479f3d3b7eb2cqaq,BRAE8AEYGVPNYWG9,117
11/23/2018 01:18:16,197ed287d2e86e28db02ddf8089beeba,BRAEGYX5HQTBDJEB,111
11/23/2018 01:18:20,197ed287d2e86e28db02ddf8089beebaqaq,BRAEA8YRRGJJWVHB,113
11/23/2018 01:18:24,198b4dfea97f24c74898e63a77d9999f,BRAEAW9KYQJFSCNE,111
11/23/2018 01:18:28,198b4dfea97f24c74898e63a77d9999fqaq,BRAECFANR8THVRRX,147
11/23/2018 01:18:32,199e9c8e776abc212693a6f638988bb0,BRAE4DJMZCWYGDJU,117
11/23/2018 01:18:36,199e9c8e776abc212693a6f638988bb0qaq,BRAEA9GPCDCH9XGH,119